EmpID,Age,AgeGroup,Attrition,Department,EmployeeCount,EmployeeNumber,EnvironmentSatisfaction,Gender,JobInvolvement,JobLevel,JobRole,JobSatisfaction,MonthlyIncome,SalarySlab,NumCompaniesWorked,Over18,OverTime,PerformanceRating,RelationshipSatisfaction,TotalExperience(Years),WorkLifeBalance,YearsatCompany
VK2970,19,18-25,Yes,Administration,1,405,3,Male,3,1,Laboratory Technician,3,16795,0-3 LPA,1,Y,No,3,3,0,3,0
VK3020,19,18-25,No,Sales,1,411,4,Female,2,1,Sales Representative,3,1860,0-3 LPA,1,Y,No,3,1,0,3,0
VK4580,19,18-25,Yes,Sales,1,614,2,Male,3,1,Sales Representative,2,77820,6-10 LPA,1,Y,Yes,3,4,0,3,0
VK7280,19,18-25,No,Administration,1,1012,2,Male,3,1,Research Scientist,4,55886,6-10 LPA,1,Y,No,3,4,0,3,0
VK8290,19,18-25,Yes,Administration,1,1156,3,Male,3,1,Laboratory Technician,3,7265,0-3 LPA,1,Y,No,3,4,0,3,0
VK9730,19,18-25,No,Administration,1,1368,4,Female,3,1,Laboratory Technician,4,83386,10+ LPA,1,Y,No,3,3,0,4,0
VK11540,19,18-25,Yes,Sales,1,1624,2,Female,3,1,Sales Representative,4,38194,3-6 LPA,1,Y,Yes,3,3,0,4,0
VK13120,19,18-25,No,Administration,1,1839,2,Female,3,1,Research Scientist,3,88498,10+ LPA,1,Y,No,3,3,0,1,0
VK1280,19,18-25,Yes,Sales,1,167,4,Male,3,1,Sales Representative,3,45131,3-6 LPA,1,Y,Yes,3,4,0,2,0
VK1500,19,18-25,No,Administration,1,201,2,Female,3,1,Laboratory Technician,2,61263,6-10 LPA,1,Y,No,3,4,1,3,1
VK1720,19,18-25,Yes,Sales,1,235,3,Female,1,1,Sales Representative,1,17023,0-3 LPA,0,Y,No,4,1,1,4,0
VK1780,19,18-25,Yes,Administration,1,243,2,Male,2,1,Laboratory Technician,4,42090,3-6 LPA,1,Y,No,4,3,1,2,1
VK4230,19,18-25,Yes,Human Resources,1,566,1,Male,2,1,Human Resources,4,68221,6-10 LPA,1,Y,No,3,3,1,4,1
VK6890,19,18-25,Yes,Sales,1,959,4,Male,2,1,Sales Representative,2,65820,6-10 LPA,1,Y,Yes,3,2,1,4,1
VK8540,19,18-25,No,Administration,1,1193,3,Male,3,1,Research Scientist,1,1769,0-3 LPA,1,Y,No,4,3,1,3,1
VK8930,19,18-25,Yes,Administration,1,1248,1,Female,2,1,Research Scientist,2,60735,6-10 LPA,1,Y,Yes,4,2,1,4,1
VK9100,19,18-25,No,Administration,1,1269,2,Female,4,1,Research Scientist,4,63955,6-10 LPA,1,Y,Yes,3,4,1,3,1
VK1030,21,18-25,Yes,Administration,1,137,4,Female,2,1,Laboratory Technician,4,65925,6-10 LPA,1,Y,Yes,3,2,1,3,1
VK4880,21,18-25,No,Administration,1,657,4,Female,2,1,Research Scientist,2,68969,6-10 LPA,1,Y,No,3,4,1,4,1
VK5140,21,18-25,Yes,Administration,1,701,4,Male,3,1,Research Scientist,3,6311,0-3 LPA,1,Y,Yes,3,4,1,3,1
VK6630,21,18-25,Yes,Sales,1,922,3,Female,2,1,Sales Representative,3,84104,10+ LPA,1,Y,No,3,4,2,2,2
VK6900,21,18-25,Yes,Administration,1,960,1,Male,3,1,Laboratory Technician,1,54707,6-10 LPA,1,Y,No,3,2,1,3,1
VK7320,21,18-25,Yes,Administration,1,1016,4,Female,2,1,Research Scientist,1,86305,10+ LPA,1,Y,Yes,3,1,1,3,1
VK7770,21,18-25,Yes,Sales,1,1077,4,Female,3,1,Sales Representative,4,29693,3-6 LPA,1,Y,Yes,3,2,2,3,2
VK8570,21,18-25,No,Administration,1,1198,1,Male,2,1,Laboratory Technician,3,72932,6-10 LPA,1,Y,No,3,1,2,2,2
VK8770,21,18-25,No,Sales,1,1226,3,Male,4,1,Sales Representative,4,94016,10+ LPA,1,Y,No,3,4,2,3,2
VK11790,21,18-25,No,Sales,1,1657,3,Female,3,1,Sales Representative,3,26658,3-6 LPA,1,Y,No,3,1,2,3,2
VK11980,21,18-25,No,Sales,1,1680,4,Male,3,1,Sales Representative,1,85478,10+ LPA,1,Y,No,3,1,2,3,2
VK0240,21,18-25,No,Administration,1,30,3,Male,3,1,Research Scientist,4,19431,0-3 LPA,1,Y,No,3,4,0,3,0
VK2750,22,18-25,No,Administration,1,379,4,Male,2,1,Research Scientist,3,3747,0-3 LPA,1,Y,No,3,1,3,4,3
VK3580,22,18-25,Yes,Sales,1,478,1,Female,2,1,Sales Representative,2,60150,6-10 LPA,1,Y,Yes,3,3,3,3,3
VK3630,22,18-25,No,Sales,1,484,1,Male,3,1,Sales Representative,4,66725,6-10 LPA,1,Y,No,4,3,3,2,3
VK3710,22,18-25,Yes,Sales,1,494,3,Female,4,1,Sales Representative,2,85654,10+ LPA,1,Y,No,3,4,1,3,1
VK4970,22,18-25,No,Sales,1,669,3,Male,3,1,Sales Representative,3,36773,3-6 LPA,1,Y,No,3,3,3,3,3
VK6640,22,18-25,Yes,Administration,1,923,4,Female,3,1,Research Scientist,4,68435,6-10 LPA,1,Y,No,3,1,1,2,1
VK7780,22,18-25,Yes,Administration,1,1079,3,Female,2,1,Laboratory Technician,1,57886,6-10 LPA,1,Y,No,3,1,1,2,1
VK8160,22,18-25,No,Administration,1,1131,4,Female,2,1,Research Scientist,2,67803,6-10 LPA,1,Y,Yes,3,3,2,4,2
VK9160,22,18-25,Yes,Administration,1,1279,1,Female,2,1,Laboratory Technician,3,32551,3-6 LPA,1,Y,No,4,3,2,1,2
VK11530,22,18-25,No,Administration,1,1623,3,Male,3,1,Research Scientist,4,12394,0-3 LPA,1,Y,No,3,3,3,3,2
VK12720,22,18-25,Yes,Sales,1,1780,2,Male,3,1,Sales Representative,2,70092,6-10 LPA,1,Y,No,3,2,1,3,1
VK14370,22,18-25,No,Sales,1,2021,3,Male,3,1,Sales Representative,1,4890,0-3 LPA,1,Y,Yes,3,4,2,3,2
VK0180,22,18-25,No,Administration,1,22,4,Male,4,1,Laboratory Technician,4,42606,3-6 LPA,1,Y,Yes,3,2,1,2,1
VK1100,22,18-25,No,Administration,1,144,2,Female,3,1,Laboratory Technician,4,97276,10+ LPA,1,Y,No,3,3,1,3,0
VK1290,22,18-25,No,Administration,1,169,3,Male,3,1,Laboratory Technician,4,81038,6-10 LPA,0,Y,No,3,3,3,3,2
VK1610,22,18-25,No,Administration,1,217,3,Male,3,1,Research Scientist,4,88313,10+ LPA,1,Y,No,4,1,2,3,2
VK2070,22,18-25,No,Administration,1,284,4,Male,4,1,Research Scientist,2,11627,0-3 LPA,1,Y,Yes,3,1,4,2,4
VK3840,22,18-25,No,Administration,1,511,1,Female,3,1,Research Scientist,2,9792,0-3 LPA,1,Y,No,3,4,2,3,2
VK4440,22,18-25,Yes,Administration,1,593,3,Male,2,1,Laboratory Technician,3,74969,6-10 LPA,5,Y,No,3,3,4,3,2
VK4990,22,18-25,No,Administration,1,675,1,Male,3,1,Research Scientist,3,44001,3-6 LPA,0,Y,No,4,4,3,3,2
VK6310,22,18-25,No,Administration,1,872,4,Male,2,2,Manufacturing Director,4,77552,6-10 LPA,6,Y,No,4,1,4,1,2
VK6670,22,18-25,Yes,Administration,1,926,2,Female,3,2,Manufacturing Director,3,24897,0-3 LPA,0,Y,Yes,3,1,4,4,3
VK7350,22,18-25,No,Administration,1,1019,2,Male,1,1,Laboratory Technician,1,69148,6-10 LPA,1,Y,No,3,1,4,2,4
VK8610,22,18-25,Yes,Administration,1,1203,3,Male,2,1,Research Scientist,4,24483,0-3 LPA,0,Y,Yes,3,2,1,3,0
VK11380,22,18-25,No,Administration,1,1605,2,Female,2,1,Research Scientist,3,49555,3-6 LPA,1,Y,Yes,3,2,4,2,4
VK12740,22,18-25,Yes,Administration,1,1783,3,Female,3,1,Laboratory Technician,1,18159,0-3 LPA,1,Y,Yes,3,3,1,3,1
VK13400,22,18-25,Yes,Administration,1,1878,4,Male,3,1,Research Scientist,2,81077,6-10 LPA,1,Y,Yes,4,1,1,3,1
VK14240,22,18-25,No,Administration,1,2007,4,Male,3,1,Research Scientist,3,36920,3-6 LPA,0,Y,No,3,4,4,4,3
VK0870,23,18-25,No,Sales,1,113,3,Male,3,1,Sales Representative,1,93067,10+ LPA,3,Y,No,3,3,3,3,0
VK3460,23,18-25,No,Administration,1,465,3,Male,3,1,Research Scientist,4,68121,6-10 LPA,1,Y,No,3,3,4,2,4
VK5170,23,18-25,No,Administration,1,705,1,Male,4,1,Research Scientist,1,70479,6-10 LPA,2,Y,No,3,1,5,4,3
VK5510,23,18-25,No,Administration,1,758,2,Male,3,1,Laboratory Technician,1,90475,10+ LPA,1,Y,No,3,4,5,4,4
VK5660,23,18-25,No,Administration,1,784,1,Male,4,1,Research Scientist,3,20457,0-3 LPA,1,Y,No,3,4,2,3,2
VK5860,23,18-25,Yes,Administration,1,811,3,Male,4,1,Laboratory Technician,1,67557,6-10 LPA,1,Y,Yes,4,3,1,3,0
VK9110,23,18-25,No,Administration,1,1270,4,Male,3,1,Research Scientist,3,78189,6-10 LPA,1,Y,No,4,4,1,3,1
VK10830,23,18-25,No,Administration,1,1533,1,Male,3,2,Laboratory Technician,3,79953,6-10 LPA,0,Y,No,3,2,5,3,4
VK11280,23,18-25,No,Administration,1,1592,4,Male,4,1,Research Scientist,3,53995,6-10 LPA,2,Y,No,3,4,4,3,2
VK12020,23,18-25,Yes,Administration,1,1684,4,Male,2,1,Laboratory Technician,3,41757,3-6 LPA,1,Y,Yes,3,1,5,3,5
VK12140,23,18-25,Yes,Sales,1,1702,3,Male,3,1,Sales Representative,4,10692,0-3 LPA,1,Y,Yes,4,2,3,3,3
VK12390,23,18-25,No,Administration,1,1735,3,Female,3,1,Laboratory Technician,2,46758,3-6 LPA,1,Y,No,3,3,3,1,3
VK14090,23,18-25,No,Administration,1,1982,4,Male,3,1,Laboratory Technician,4,73409,6-10 LPA,1,Y,No,3,3,5,4,5
VK14390,23,18-25,Yes,Sales,1,2023,4,Male,3,1,Sales Representative,1,72211,6-10 LPA,1,Y,No,3,1,1,2,1
VK0210,24,18-25,No,Administration,1,26,1,Female,4,2,Manufacturing Director,3,66697,6-10 LPA,0,Y,No,3,4,5,2,4
VK0350,24,18-25,Yes,Administration,1,45,2,Male,3,1,Research Scientist,4,38065,3-6 LPA,2,Y,Yes,3,1,6,2,2
VK0970,24,18-25,No,Sales,1,128,1,Female,3,2,Sales Executive,3,93093,10+ LPA,0,Y,No,4,1,4,2,3
VK1140,24,18-25,No,Administration,1,150,2,Male,3,1,Laboratory Technician,3,33606,3-6 LPA,0,Y,No,3,3,6,3,5
VK3810,24,18-25,No,Sales,1,507,4,Female,3,2,Sales Executive,3,12534,0-3 LPA,1,Y,Yes,3,4,5,4,5
VK4150,24,18-25,Yes,Sales,1,554,1,Female,3,1,Sales Representative,2,95663,10+ LPA,1,Y,Yes,3,2,6,3,5
VK14390,23,18-25,Yes,Sales,1,2023,4,Male,3,1,Sales Representative,1,72211,6-10 LPA,1,Y,No,3,1,1,2,1
VK4750,24,18-25,No,Administration,1,639,2,Male,4,1,Research Scientist,4,92387,10+ LPA,1,Y,Yes,3,2,6,3,6
VK4770,24,18-25,No,Administration,1,643,4,Male,2,1,Laboratory Technician,2,2016,0-3 LPA,1,Y,No,4,4,1,3,1
VK4800,24,18-25,Yes,Administration,1,647,1,Female,3,1,Laboratory Technician,3,90789,10+ LPA,1,Y,Yes,3,4,6,3,6
VK5260,24,18-25,Yes,Sales,1,720,1,Female,3,2,Sales Executive,3,56591,6-10 LPA,9,Y,No,3,1,4,3,2
VK5870,24,18-25,No,Administration,1,812,3,Male,2,1,Laboratory Technician,2,90812,10+ LPA,1,Y,No,3,3,1,3,1
VK6410,24,18-25,No,Administration,1,888,1,Male,2,1,Laboratory Technician,4,24247,0-3 LPA,0,Y,No,3,4,6,2,5
VK7250,24,18-25,No,Administration,1,1009,4,Female,2,2,Manufacturing Director,3,25300,3-6 LPA,1,Y,No,3,2,5,3,4
VK8420,24,18-25,No,Administration,1,1173,4,Male,3,1,Laboratory Technician,2,75065,6-10 LPA,8,Y,No,4,4,6,3,4
VK8720,24,18-25,Yes,Administration,1,1219,4,Female,3,1,Laboratory Technician,2,83798,10+ LPA,1,Y,No,3,1,1,1,1
VK10260,24,18-25,No,Sales,1,1445,4,Female,3,2,Sales Executive,3,10268,0-3 LPA,1,Y,Yes,3,3,5,3,5
VK10610,24,18-25,Yes,Administration,1,1494,2,Male,3,1,Laboratory Technician,1,87807,10+ LPA,2,Y,Yes,3,3,4,2,0
VK10620,24,18-25,No,Sales,1,1495,4,Female,3,1,Sales Representative,2,13185,0-3 LPA,1,Y,No,3,3,1,3,1
VK10980,24,18-25,No,Administration,1,1551,3,Male,2,1,Laboratory Technician,1,64704,6-10 LPA,0,Y,No,3,2,2,3,1
VK11690,24,18-25,No,Administration,1,1646,1,Female,3,1,Research Scientist,4,87779,10+ LPA,1,Y,Yes,3,3,6,3,6
VK12180,24,18-25,No,Administration,1,1707,3,Male,4,1,Research Scientist,3,40099,3-6 LPA,1,Y,No,3,4,5,3,5
VK12230,24,18-25,Yes,Human Resources,1,1714,4,Male,1,1,Human Resources,3,9571,0-3 LPA,1,Y,No,3,3,1,3,1
VK12310,24,18-25,No,Administration,1,1725,2,Male,3,1,Laboratory Technician,1,39044,3-6 LPA,1,Y,No,3,2,6,4,6
VK12460,24,18-25,No,Human Resources,1,1746,1,Male,3,1,Human Resources,4,52214,6-10 LPA,0,Y,No,3,4,3,3,2
VK14080,24,18-25,No,Administration,1,1981,2,Male,2,2,Healthcare Representative,3,62228,6-10 LPA,1,Y,No,3,2,4,2,4
VK1080,25,18-25,Yes,Sales,1,142,3,Male,2,2,Sales Executive,3,49984,3-6 LPA,1,Y,Yes,3,4,6,3,6
VK1090,25,18-25,No,Administration,1,143,4,Male,2,1,Research Scientist,4,41774,3-6 LPA,1,Y,No,3,3,2,3,2
VK1390,25,18-25,No,Sales,1,183,1,Male,2,2,Sales Executive,3,3568,0-3 LPA,2,Y,No,3,4,6,3,2
VK2560,25,18-25,No,Administration,1,350,1,Female,3,2,Manufacturing Director,3,63592,6-10 LPA,0,Y,No,3,4,5,3,4
VK2680,25,18-25,No,Administration,1,369,2,Male,4,2,Healthcare Representative,1,68563,6-10 LPA,1,Y,No,3,4,6,3,6
VK3980,25,18-25,No,Sales,1,527,2,Female,2,2,Sales Executive,4,3695,0-3 LPA,1,Y,Yes,3,2,5,3,5
VK4060,25,18-25,Yes,Administration,1,538,1,Male,3,1,Laboratory Technician,1,49190,3-6 LPA,5,Y,No,3,3,6,3,2
VK4790,25,18-25,No,Sales,1,645,2,Male,3,1,Sales Representative,3,6258,0-3 LPA,1,Y,No,3,3,7,3,7
VK5180,25,18-25,No,Sales,1,707,4,Male,4,2,Sales Executive,2,88538,10+ LPA,0,Y,No,4,3,4,3,3
VK5640,25,18-25,No,Sales,1,781,3,Female,3,2,Sales Executive,4,40504,3-6 LPA,1,Y,No,4,2,6,2,6
VK6190,25,18-25,No,Administration,1,854,1,Male,4,1,Research Scientist,1,34159,3-6 LPA,7,Y,No,3,3,6,2,4
VK6350,25,18-25,No,Sales,1,879,3,Male,3,2,Sales Executive,1,14986,0-3 LPA,1,Y,Yes,3,4,5,3,5
VK6390,25,18-25,No,Sales,1,885,3,Male,2,2,Sales Executive,1,62858,6-10 LPA,1,Y,No,3,1,5,4,5
VK6840,25,18-25,Yes,Sales,1,952,3,Male,2,1,Sales Representative,2,13666,0-3 LPA,1,Y,Yes,3,3,1,3,1
VK7970,25,18-25,Yes,Administration,1,1106,4,Male,3,1,Laboratory Technician,4,39660,3-6 LPA,1,Y,Yes,3,2,7,4,7
VK8860,25,18-25,No,Sales,1,1240,3,Male,3,2,Sales Executive,4,4561,0-3 LPA,0,Y,No,3,2,5,3,4
VK9120,25,18-25,Yes,Sales,1,1273,3,Male,1,1,Sales Representative,4,27854,3-6 LPA,1,Y,Yes,3,4,1,3,1
VK9350,25,18-25,No,Administration,1,1303,4,Female,3,1,Research Scientist,2,65505,6-10 LPA,1,Y,No,3,4,2,2,2
VK9660,25,18-25,No,Administration,1,1358,4,Male,3,1,Laboratory Technician,4,53251,6-10 LPA,3,Y,No,3,3,7,2,3
VK9940,25,18-25,No,Sales,1,1399,1,Male,4,2,Sales Executive,3,23662,0-3 LPA,2,Y,No,3,2,6,2,3
VK10040,25,18-25,No,Administration,1,1415,1,Male,3,1,Laboratory Technician,4,9392,0-3 LPA,4,Y,No,3,2,7,2,3
VK10220,25,18-25,Yes,Sales,1,1439,1,Male,2,1,Sales Representative,1,31535,3-6 LPA,3,Y,No,3,1,6,3,3
VK11750,25,18-25,No,Administration,1,1653,4,Male,4,2,Manufacturing Director,3,79603,6-10 LPA,1,Y,No,3,3,7,3,7
VK14120,25,18-25,No,Human Resources,1,1987,3,Female,3,1,Human Resources,2,53256,6-10 LPA,4,Y,No,3,3,6,3,2
VK14140,25,18-25,No,Administration,1,1992,4,Male,3,1,Laboratory Technician,3,90135,10+ LPA,6,Y,Yes,3,3,7,2,2
VK14340,25,18-25,No,Sales,1,2018,1,Female,3,2,Sales Executive,3,36222,3-6 LPA,0,Y,Yes,4,2,6,2,5
VK0430,26,26-35,Yes,Administration,1,55,1,Male,1,1,Laboratory Technician,3,78373,6-10 LPA,1,Y,No,3,3,1,2,1
VK0550,26,26-35,No,Sales,1,72,3,Female,2,2,Sales Executive,4,80575,6-10 LPA,7,Y,Yes,3,3,5,2,2
VK1260,26,26-35,No,Administration,1,164,3,Female,2,1,Research Scientist,2,97354,10+ LPA,1,Y,No,3,3,5,2,5
VK1350,26,26-35,No,Human Resources,1,177,3,Female,3,1,Human Resources,3,85651,10+ LPA,1,Y,No,4,4,8,3,8
VK2790,26,26-35,No,Administration,1,384,3,Female,3,2,Manufacturing Director,2,64335,6-10 LPA,1,Y,No,4,1,6,1,6
VK2850,26,26-35,No,Administration,1,390,1,Male,3,2,Healthcare Representative,1,11965,0-3 LPA,1,Y,Yes,3,3,5,3,5
VK2890,26,26-35,Yes,Administration,1,394,1,Male,3,1,Laboratory Technician,2,25538,3-6 LPA,2,Y,Yes,3,4,5,3,3
VK2940,26,26-35,Yes,Sales,1,401,4,Male,2,2,Sales Executive,4,71592,6-10 LPA,1,Y,Yes,3,2,8,3,8
VK3560,26,26-35,No,Sales,1,476,3,Male,3,2,Sales Executive,3,99018,10+ LPA,1,Y,No,3,2,8,3,8
VK3830,26,26-35,Yes,Administration,1,510,3,Male,3,1,Research Scientist,1,9110,0-3 LPA,0,Y,No,4,3,7,3,6
VK4190,26,26-35,No,Administration,1,560,1,Female,3,1,Research Scientist,4,80309,6-10 LPA,1,Y,No,4,2,3,1,3
VK4540,26,26-35,Yes,Human Resources,1,608,2,Female,3,1,Human Resources,3,28266,3-6 LPA,0,Y,Yes,3,2,8,2,7
VK4610,26,26-35,No,Sales,1,618,1,Male,3,2,Sales Executive,3,53992,6-10 LPA,5,Y,No,3,1,8,3,0
VK4640,26,26-35,Yes,Administration,1,622,3,Male,1,1,Laboratory Technician,4,83948,10+ LPA,1,Y,Yes,3,2,1,1,1
VK4760,26,26-35,No,Sales,1,641,1,Male,3,2,Sales Executive,2,99806,10+ LPA,1,Y,No,4,4,6,4,5
VK5060,26,26-35,No,Administration,1,686,3,Female,3,1,Laboratory Technician,4,7910,0-3 LPA,1,Y,Yes,3,3,3,3,3
VK4540,26,26-35,Yes,Human Resources,1,608,2,Female,3,1,Human Resources,3,28266,3-6 LPA,0,Y,Yes,3,2,8,2,7
VK5740,26,26-35,Yes,Sales,1,796,4,Male,2,2,Sales Executive,1,1206,0-3 LPA,6,Y,No,3,3,6,2,4
VK6150,26,26-35,Yes,Administration,1,848,3,Female,2,1,Research Scientist,3,88054,10+ LPA,1,Y,Yes,3,1,8,3,8
VK6860,26,26-35,No,Sales,1,956,3,Male,2,2,Sales Executive,1,88897,10+ LPA,1,Y,No,3,2,7,3,7
VK7340,26,26-35,No,Administration,1,1018,4,Male,4,2,Manufacturing Director,4,24419,0-3 LPA,1,Y,No,3,2,8,3,8
VK7490,26,26-35,Yes,Sales,1,1037,2,Male,1,2,Sales Executive,1,51636,6-10 LPA,8,Y,No,3,4,7,3,2
VK7630,26,26-35,Yes,Administration,1,1053,1,Male,3,1,Research Scientist,1,51015,6-10 LPA,6,Y,Yes,3,2,6,3,3
VK7700,26,26-35,No,Administration,1,1068,1,Female,2,1,Research Scientist,3,55268,6-10 LPA,1,Y,No,3,3,5,3,5
VK7820,26,26-35,No,Administration,1,1083,1,Male,2,1,Laboratory Technician,1,88939,10+ LPA,1,Y,No,3,1,6,3,5
VK7980,26,26-35,Yes,Administration,1,1107,1,Male,3,1,Laboratory Technician,3,19141,0-3 LPA,1,Y,No,4,3,1,2,1
VK8440,26,26-35,No,Administration,1,1177,1,Male,4,1,Laboratory Technician,4,81356,6-10 LPA,1,Y,No,4,2,8,3,8
VK9130,26,26-35,No,Administration,1,1275,3,Male,3,1,Research Scientist,4,72910,6-10 LPA,1,Y,Yes,4,2,8,2,8
VK9990,26,26-35,No,Administration,1,1407,1,Male,2,1,Research Scientist,4,57044,6-10 LPA,0,Y,No,3,4,5,3,4
VK10050,26,26-35,No,Administration,1,1417,3,Male,4,1,Laboratory Technician,1,68214,6-10 LPA,0,Y,No,3,4,8,3,7
VK11190,26,26-35,No,Administration,1,1581,1,Female,3,1,Research Scientist,4,34827,3-6 LPA,1,Y,No,4,1,1,3,1
VK12070,26,26-35,No,Administration,1,1693,4,Male,3,1,Laboratory Technician,4,56820,6-10 LPA,1,Y,No,4,3,7,3,7
VK12250,26,26-35,No,Administration,1,1718,4,Male,1,1,Laboratory Technician,3,63623,6-10 LPA,1,Y,No,3,3,3,4,3
VK12980,26,26-35,Yes,Human Resources,1,1818,4,Female,3,1,Human Resources,2,82734,6-10 LPA,0,Y,Yes,3,3,6,3,5
VK13100,26,26-35,No,Sales,1,1836,3,Male,3,2,Sales Executive,4,76450,6-10 LPA,1,Y,No,3,1,5,3,5
VK13500,26,26-35,No,Administration,1,1893,2,Female,2,1,Research Scientist,3,94426,10+ LPA,1,Y,Yes,3,3,1,2,1
VK13620,26,26-35,No,Administration,1,1918,3,Male,4,1,Laboratory Technician,4,23299,0-3 LPA,0,Y,No,3,1,8,3,7
VK13870,26,26-35,No,Administration,1,1952,3,Male,3,1,Laboratory Technician,1,44585,3-6 LPA,0,Y,No,3,4,8,2,7
VK14650,26,26-35,No,Sales,1,2060,4,Female,2,1,Sales Representative,3,65044,6-10 LPA,0,Y,No,3,4,5,3,4
VK14650,26,26-35,No,Sales,1,2060,4,Female,2,1,Sales Representative,3,43557,3-6 LPA,0,Y,No,3,4,5,3,4
VK0050,27,26-35,No,Administration,1,7,1,Male,3,1,Laboratory Technician,2,50080,6-10 LPA,9,Y,No,3,4,6,3,2
VK0420,27,26-35,No,Administration,1,54,4,Female,3,1,Laboratory Technician,1,3693,0-3 LPA,1,Y,No,3,4,1,3,1
VK0440,27,26-35,No,Sales,1,56,4,Male,3,3,Sales Executive,3,96003,10+ LPA,1,Y,No,3,4,9,3,9
VK1620,27,26-35,No,Administration,1,218,4,Male,3,1,Research Scientist,2,96259,10+ LPA,6,Y,No,3,4,6,1,2
VK1650,27,26-35,No,Administration,1,224,3,Male,2,1,Research Scientist,3,70163,6-10 LPA,1,Y,Yes,3,4,1,2,1
VK1710,27,26-35,No,Administration,1,233,3,Male,3,1,Research Scientist,2,26939,3-6 LPA,0,Y,Yes,3,4,6,2,5
VK1920,27,26-35,No,Administration,1,260,4,Female,3,1,Research Scientist,2,49925,3-6 LPA,1,Y,No,3,4,7,2,7
VK2010,27,26-35,No,Administration,1,274,3,Male,2,2,Manufacturing Director,1,43941,3-6 LPA,5,Y,No,3,3,6,3,2
VK2130,27,26-35,No,Sales,1,293,4,Female,3,2,Sales Executive,3,22834,0-3 LPA,1,Y,No,3,4,7,3,7
VK3190,27,26-35,No,Administration,1,434,3,Female,3,1,Research Scientist,2,19047,0-3 LPA,1,Y,Yes,3,2,4,2,4
VK3210,27,26-35,No,Sales,1,437,4,Male,3,2,Sales Executive,3,27105,3-6 LPA,1,Y,Yes,3,1,5,3,5
VK3320,27,26-35,No,Sales,1,449,3,Male,3,2,Sales Executive,2,76766,6-10 LPA,0,Y,Yes,3,4,6,3,5
VK3400,27,26-35,No,Sales,1,458,2,Female,3,2,Sales Executive,2,16707,0-3 LPA,1,Y,No,3,1,8,3,8
VK3740,27,26-35,No,Administration,1,497,4,Male,3,1,Laboratory Technician,2,22976,0-3 LPA,1,Y,No,3,2,5,3,5
VK4860,27,26-35,No,Administration,1,655,1,Female,2,1,Research Scientist,3,45262,3-6 LPA,0,Y,No,3,3,6,2,5
VK4960,27,26-35,Yes,Sales,1,667,3,Male,3,1,Sales Representative,1,24776,0-3 LPA,0,Y,No,3,2,5,3,4
VK5130,27,26-35,No,Administration,1,700,1,Male,2,1,Research Scientist,4,31080,3-6 LPA,0,Y,No,3,4,5,3,4
VK5220,27,26-35,No,Sales,1,714,4,Female,4,2,Sales Executive,4,67842,6-10 LPA,1,Y,Yes,4,2,6,3,6
VK5310,27,26-35,No,Administration,1,725,3,Female,3,3,Manufacturing Director,1,62373,6-10 LPA,1,Y,No,3,4,9,3,9
VK5380,27,26-35,No,Administration,1,733,4,Male,3,3,Manufacturing Director,1,7776,0-3 LPA,1,Y,No,4,3,9,2,9
VK5550,27,26-35,No,Administration,1,764,4,Female,2,2,Healthcare Representative,1,93787,10+ LPA,8,Y,No,3,1,9,1,7
VK5770,27,26-35,No,Sales,1,800,3,Male,3,2,Sales Executive,4,56016,6-10 LPA,0,Y,No,3,2,5,3,4
VK6110,27,26-35,No,Administration,1,844,3,Male,2,3,Research Director,4,10474,0-3 LPA,1,Y,Yes,3,2,9,3,9
VK6160,27,26-35,No,Administration,1,850,4,Male,3,1,Research Scientist,4,59053,6-10 LPA,1,Y,No,3,3,0,2,0
VK6710,27,26-35,No,Administration,1,933,2,Female,3,1,Research Scientist,3,22959,0-3 LPA,1,Y,No,3,3,1,3,1
VK7180,27,26-35,No,Administration,1,1001,3,Female,3,1,Laboratory Technician,2,6530,0-3 LPA,9,Y,No,3,2,4,3,2
VK7400,27,26-35,No,Administration,1,1027,1,Female,3,2,Manufacturing Director,4,95856,10+ LPA,0,Y,No,3,2,4,3,3
VK7870,27,26-35,No,Administration,1,1094,1,Male,1,1,Laboratory Technician,3,4748,0-3 LPA,1,Y,No,3,4,3,3,3
VK8340,27,26-35,No,Administration,1,1162,4,Male,2,1,Research Scientist,3,98504,10+ LPA,1,Y,No,3,3,4,3,4
VK8900,27,26-35,No,Administration,1,1244,1,Male,3,1,Research Scientist,1,99098,10+ LPA,1,Y,Yes,3,4,9,2,9
VK9030,27,26-35,No,Administration,1,1259,1,Male,3,1,Research Scientist,3,14545,0-3 LPA,1,Y,No,3,2,5,3,5
VK9710,27,26-35,No,Sales,1,1364,3,Female,4,1,Sales Representative,4,67199,6-10 LPA,8,Y,No,3,2,5,3,1
VK9750,27,26-35,No,Sales,1,1371,4,Male,1,2,Sales Executive,4,35766,3-6 LPA,3,Y,No,4,2,8,3,6
VK9970,27,26-35,No,Sales,1,1403,4,Female,2,2,Sales Executive,4,74530,6-10 LPA,1,Y,Yes,3,4,6,3,6
VK9980,27,26-35,Yes,Administration,1,1405,4,Female,3,1,Research Scientist,3,94557,10+ LPA,1,Y,Yes,3,4,8,3,8
VK10180,27,26-35,No,Administration,1,1434,2,Male,3,1,Laboratory Technician,1,62087,6-10 LPA,0,Y,No,3,2,6,4,5
VK11500,27,26-35,No,Administration,1,1619,4,Male,2,1,Laboratory Technician,1,96839,10+ LPA,1,Y,No,3,1,7,3,7
VK11700,27,26-35,No,Administration,1,1647,2,Female,4,1,Research Scientist,3,69840,6-10 LPA,7,Y,No,3,1,5,3,3
VK11710,27,26-35,No,Administration,1,1648,4,Male,3,1,Research Scientist,4,55384,6-10 LPA,2,Y,No,3,3,6,2,4
VK12490,27,26-35,No,Administration,1,1751,3,Female,3,1,Research Scientist,4,52005,6-10 LPA,1,Y,No,3,3,6,2,6
VK13180,27,26-35,No,Administration,1,1850,4,Female,3,1,Laboratory Technician,4,47576,3-6 LPA,0,Y,Yes,3,3,6,2,5
VK13290,27,26-35,No,Sales,1,1864,2,Female,2,2,Sales Representative,3,40353,3-6 LPA,1,Y,No,4,4,9,3,9
VK13350,27,26-35,No,Administration,1,1870,4,Female,2,1,Research Scientist,1,63003,6-10 LPA,0,Y,No,3,4,8,2,7
VK13510,27,26-35,No,Sales,1,1898,1,Female,4,2,Sales Executive,3,84211,10+ LPA,0,Y,No,3,2,9,2,8
VK13680,27,26-35,No,Administration,1,1931,2,Male,3,1,Research Scientist,2,53733,6-10 LPA,1,Y,No,3,3,6,2,5
VK13800,27,26-35,Yes,Human Resources,1,1944,1,Female,2,1,Human Resources,2,66318,6-10 LPA,1,Y,No,3,1,1,3,1
VK13940,27,26-35,No,Sales,1,1965,4,Male,3,2,Sales Executive,4,90474,10+ LPA,1,Y,No,3,1,7,3,7
VK14680,27,26-35,No,Administration,1,2064,2,Male,4,2,Manufacturing Director,2,24664,0-3 LPA,1,Y,Yes,4,2,6,3,6
VK14680,27,26-35,No,Administration,1,2064,2,Male,4,2,Manufacturing Director,2,68172,6-10 LPA,1,Y,Yes,4,2,6,3,6
VK0150,28,26-35,Yes,Administration,1,19,3,Male,2,1,Laboratory Technician,3,86616,10+ LPA,5,Y,Yes,3,2,6,3,4
VK0520,28,26-35,Yes,Administration,1,65,3,Male,3,1,Laboratory Technician,3,94264,10+ LPA,1,Y,Yes,3,3,2,2,2
VK0980,28,26-35,No,Sales,1,129,2,Male,3,2,Sales Executive,3,27736,3-6 LPA,1,Y,No,3,2,5,4,5
VK1630,28,26-35,No,Administration,1,221,3,Male,3,1,Research Scientist,4,95209,10+ LPA,1,Y,No,3,3,5,1,5
VK2650,28,26-35,Yes,Administration,1,364,1,Male,3,1,Laboratory Technician,3,1854,0-3 LPA,2,Y,No,3,3,5,1,0
VK2730,28,26-35,No,Administration,1,377,4,Male,3,1,Research Scientist,4,91084,10+ LPA,1,Y,No,4,4,5,2,5
VK2900,28,26-35,No,Administration,1,395,4,Female,3,1,Research Scientist,4,39623,3-6 LPA,1,Y,No,4,4,5,3,5
VK3030,28,26-35,No,Administration,1,412,2,Male,4,2,Healthcare Representative,1,8392,0-3 LPA,0,Y,No,3,3,9,3,8
VK3240,28,26-35,Yes,Administration,1,440,1,Male,1,1,Research Scientist,4,56680,6-10 LPA,5,Y,Yes,3,4,5,2,3
VK3750,28,26-35,No,Sales,1,498,2,Male,3,2,Sales Executive,4,47717,3-6 LPA,1,Y,No,3,4,7,3,7
VK4050,28,26-35,No,Administration,1,536,3,Male,3,2,Laboratory Technician,1,88092,10+ LPA,1,Y,No,3,4,10,3,10
VK5410,28,26-35,Yes,Administration,1,741,1,Female,1,1,Research Scientist,2,51859,6-10 LPA,7,Y,Yes,3,4,10,3,7
VK5990,28,26-35,Yes,Administration,1,828,3,Male,3,1,Research Scientist,3,27309,3-6 LPA,6,Y,No,3,4,5,2,2
VK6130,28,26-35,No,Sales,1,846,2,Female,3,2,Sales Executive,2,88455,10+ LPA,1,Y,Yes,4,1,8,3,8
VK6300,28,26-35,No,Human Resources,1,869,2,Male,2,1,Human Resources,4,64734,6-10 LPA,1,Y,No,3,4,6,3,5
VK6600,28,26-35,No,Sales,1,916,1,Male,3,2,Sales Executive,4,71467,6-10 LPA,1,Y,No,3,2,4,3,4
VK6690,28,26-35,No,Administration,1,930,3,Female,3,1,Research Scientist,3,53662,6-10 LPA,5,Y,No,3,2,6,3,2
VK7650,28,26-35,No,Sales,1,1056,4,Male,3,1,Sales Representative,2,99506,10+ LPA,1,Y,No,4,2,1,3,1
VK7810,28,26-35,Yes,Administration,1,1082,2,Male,2,3,Healthcare Representative,1,13688,0-3 LPA,1,Y,No,3,1,10,2,10
VK7890,28,26-35,No,Administration,1,1097,3,Female,3,2,Research Scientist,3,26342,3-6 LPA,3,Y,No,3,4,10,4,8
VK7940,28,26-35,No,Administration,1,1102,1,Male,3,1,Laboratory Technician,3,38157,3-6 LPA,1,Y,No,3,4,4,2,4
VK13800,27,26-35,Yes,Human Resources,1,1944,1,Female,2,1,Human Resources,2,66318,6-10 LPA,1,Y,No,3,1,1,3,1
VK8100,28,26-35,No,Administration,1,1121,4,Female,3,3,Manufacturing Director,2,53083,6-10 LPA,0,Y,No,3,2,10,2,9
VK8200,28,26-35,No,Administration,1,1136,1,Male,2,1,Research Scientist,2,66733,6-10 LPA,0,Y,No,3,1,6,1,5
VK8280,28,26-35,No,Administration,1,1154,3,Male,2,1,Research Scientist,3,90045,10+ LPA,1,Y,Yes,3,4,3,3,3
VK8430,28,26-35,Yes,Administration,1,1175,3,Female,3,1,Laboratory Technician,4,35698,3-6 LPA,1,Y,Yes,3,4,1,2,1
VK8690,28,26-35,No,Administration,1,1216,4,Male,2,1,Laboratory Technician,1,81623,6-10 LPA,1,Y,No,3,3,6,3,6
VK9220,28,26-35,No,Administration,1,1286,4,Male,3,1,Laboratory Technician,3,23671,0-3 LPA,0,Y,Yes,3,3,5,2,4
VK9300,28,26-35,No,Administration,1,1296,4,Male,2,1,Laboratory Technician,4,26184,3-6 LPA,1,Y,Yes,3,2,2,3,2
VK9340,28,26-35,No,Administration,1,1301,4,Male,3,1,Research Scientist,1,94384,10+ LPA,2,Y,No,3,2,5,2,3
VK9450,28,26-35,No,Administration,1,1315,3,Female,1,2,Laboratory Technician,4,43107,3-6 LPA,0,Y,No,3,1,10,3,9
VK9850,28,26-35,No,Sales,1,1387,3,Male,2,2,Sales Executive,1,87202,10+ LPA,1,Y,No,3,3,5,3,5
VK10420,28,26-35,No,Sales,1,1469,4,Male,3,2,Sales Executive,1,52663,6-10 LPA,0,Y,No,3,4,6,3,5
VK10570,28,26-35,Yes,Sales,1,1486,1,Male,3,1,Sales Representative,3,16708,0-3 LPA,3,Y,No,3,4,5,4,3
VK10690,28,26-35,Yes,Administration,1,1504,3,Male,2,1,Laboratory Technician,1,92906,10+ LPA,7,Y,No,3,3,8,2,0
VK10700,28,26-35,No,Administration,1,1506,1,Male,2,1,Research Scientist,3,50811,6-10 LPA,1,Y,No,3,4,1,1,1
VK10710,28,26-35,No,Sales,1,1507,3,Male,3,2,Sales Executive,1,3811,0-3 LPA,0,Y,No,3,4,5,3,4
VK10740,28,26-35,No,Administration,1,1514,3,Male,1,2,Manufacturing Director,2,57250,6-10 LPA,1,Y,No,3,2,8,2,8
VK11370,28,26-35,Yes,Administration,1,1604,3,Male,3,1,Laboratory Technician,2,73082,6-10 LPA,1,Y,Yes,3,3,1,3,1
VK11520,28,26-35,No,Administration,1,1622,2,Female,1,2,Manufacturing Director,1,35754,3-6 LPA,0,Y,No,4,2,6,2,5
VK12840,28,26-35,No,Administration,1,1799,3,Male,3,1,Research Scientist,4,96742,10+ LPA,1,Y,No,3,3,5,4,5
VK13080,28,26-35,No,Administration,1,1834,3,Female,3,1,Research Scientist,1,12411,0-3 LPA,1,Y,No,4,3,3,3,3
VK13240,28,26-35,No,Human Resources,1,1858,3,Male,3,1,Human Resources,4,3911,0-3 LPA,1,Y,No,3,2,3,3,3
VK13380,28,26-35,No,Sales,1,1875,2,Female,3,1,Sales Representative,2,68270,6-10 LPA,1,Y,No,3,4,1,3,1
VK13650,28,26-35,No,Sales,1,1927,3,Male,2,2,Sales Executive,4,84763,10+ LPA,1,Y,Yes,3,3,7,3,7
VK13700,28,26-35,Yes,Sales,1,1933,4,Female,3,2,Sales Executive,3,9680,0-3 LPA,3,Y,Yes,3,4,6,3,2
VK13820,28,26-35,No,Administration,1,1947,3,Male,3,1,Research Scientist,3,85896,10+ LPA,1,Y,No,3,3,5,2,5
VK13910,28,26-35,Yes,Administration,1,1960,3,Male,2,1,Laboratory Technician,4,84879,10+ LPA,5,Y,No,3,1,6,2,4
VK0120,29,26-35,No,Administration,1,15,4,Female,2,2,Laboratory Technician,3,72295,6-10 LPA,0,Y,Yes,3,4,10,3,9
VK0160,29,26-35,No,Administration,1,20,2,Female,4,3,Manufacturing Director,1,89614,10+ LPA,1,Y,No,3,3,10,3,10
VK0720,29,26-35,No,Administration,1,94,3,Male,3,1,Research Scientist,2,12111,0-3 LPA,0,Y,No,4,4,6,3,5
VK1560,29,26-35,No,Administration,1,208,4,Male,3,2,Manufacturing Director,3,38504,3-6 LPA,1,Y,No,3,1,10,3,10
VK2060,29,26-35,Yes,Sales,1,283,2,Female,3,3,Sales Executive,4,2802,0-3 LPA,1,Y,No,4,4,10,2,10
VK2180,29,26-35,Yes,Administration,1,300,3,Male,3,1,Research Scientist,3,9155,0-3 LPA,0,Y,No,3,4,7,2,6
VK2280,29,26-35,No,Sales,1,312,2,Female,3,3,Sales Executive,4,74656,6-10 LPA,1,Y,No,3,4,11,3,11
VK2300,29,26-35,Yes,Administration,1,315,3,Male,2,1,Research Scientist,4,40384,3-6 LPA,1,Y,Yes,3,3,4,2,4
VK2530,29,26-35,No,Administration,1,346,3,Male,3,1,Research Scientist,4,48254,3-6 LPA,1,Y,No,3,1,6,3,6
VK2550,29,26-35,No,Sales,1,349,4,Male,3,2,Sales Executive,4,22918,0-3 LPA,2,Y,No,3,4,10,3,3
VK2660,29,26-35,No,Sales,1,366,1,Male,2,2,Sales Executive,2,86981,10+ LPA,2,Y,No,3,2,10,3,0
VK2830,29,26-35,No,Sales,1,388,2,Male,3,2,Sales Executive,4,61713,6-10 LPA,1,Y,No,3,1,10,2,10
VK3370,29,26-35,Yes,Administration,1,454,2,Male,1,1,Laboratory Technician,1,31306,3-6 LPA,1,Y,Yes,3,4,7,2,7
VK3380,29,26-35,No,Administration,1,455,2,Male,2,1,Laboratory Technician,4,17646,0-3 LPA,0,Y,No,3,3,4,3,3
VK3440,29,26-35,No,Sales,1,463,4,Female,2,2,Sales Executive,2,47843,3-6 LPA,1,Y,Yes,3,1,7,3,7
VK3500,29,26-35,No,Sales,1,469,4,Male,3,2,Sales Executive,3,97601,10+ LPA,1,Y,No,3,1,4,2,4
VK3720,29,26-35,No,Administration,1,495,4,Male,3,1,Research Scientist,4,91735,10+ LPA,9,Y,No,3,4,6,3,3
VK4210,29,26-35,No,Administration,1,564,2,Male,2,3,Research Director,3,17371,0-3 LPA,1,Y,No,3,3,10,3,10
VK4220,29,26-35,Yes,Administration,1,565,3,Female,2,1,Research Scientist,2,78371,6-10 LPA,5,Y,No,3,2,6,4,2
VK4550,29,26-35,No,Administration,1,611,4,Male,3,2,Manufacturing Director,4,3049,0-3 LPA,4,Y,No,3,2,8,4,3
VK5080,29,26-35,No,Sales,1,690,2,Female,3,2,Sales Executive,3,32616,3-6 LPA,1,Y,No,3,1,6,2,6
VK5200,29,26-35,No,Administration,1,710,2,Male,1,1,Research Scientist,4,21932,0-3 LPA,1,Y,No,3,4,10,3,10
VK5470,29,26-35,No,Sales,1,749,3,Male,3,1,Sales Representative,3,30855,3-6 LPA,1,Y,No,3,3,1,3,1
VK5560,29,26-35,No,Sales,1,766,4,Male,3,1,Sales Representative,2,62434,6-10 LPA,1,Y,No,3,4,2,3,2
VK5730,29,26-35,No,Administration,1,793,2,Female,3,2,Healthcare Representative,3,73694,6-10 LPA,4,Y,No,3,1,11,2,8
VK5900,29,26-35,Yes,Administration,1,816,2,Female,2,1,Laboratory Technician,1,44016,3-6 LPA,1,Y,Yes,3,4,1,3,1
VK5950,29,26-35,No,Administration,1,824,3,Male,4,1,Research Scientist,3,8400,0-3 LPA,1,Y,No,4,3,10,3,10
VK6460,29,26-35,Yes,Sales,1,896,2,Female,2,1,Sales Representative,3,43642,3-6 LPA,6,Y,Yes,3,3,5,3,3
VK6580,29,26-35,No,Administration,1,912,1,Female,2,1,Laboratory Technician,4,16151,0-3 LPA,6,Y,No,3,3,8,3,4
VK6980,29,26-35,No,Sales,1,974,3,Female,3,1,Sales Representative,4,52407,6-10 LPA,1,Y,No,3,2,3,3,3
VK7120,29,26-35,Yes,Administration,1,994,4,Female,2,1,Research Scientist,1,67690,6-10 LPA,6,Y,Yes,4,3,3,3,0
VK8090,29,26-35,No,Administration,1,1120,3,Female,3,1,Research Scientist,4,5499,0-3 LPA,4,Y,No,4,1,11,3,7
VK8240,29,26-35,No,Administration,1,1143,4,Female,3,1,Research Scientist,2,7295,0-3 LPA,0,Y,No,3,4,8,2,7
VK8260,29,26-35,No,Administration,1,1150,2,Male,2,2,Manufacturing Director,4,60040,6-10 LPA,1,Y,Yes,3,3,10,2,10
VK8370,29,26-35,Yes,Sales,1,1165,4,Female,2,3,Sales Executive,1,13183,0-3 LPA,1,Y,No,3,1,11,1,11
VK8530,29,26-35,No,Administration,1,1192,2,Female,3,1,Laboratory Technician,4,30299,3-6 LPA,1,Y,No,3,1,10,3,10
VK8600,29,26-35,No,Administration,1,1202,2,Female,1,1,Research Scientist,4,13874,0-3 LPA,0,Y,Yes,3,1,6,2,5
VK8940,29,26-35,No,Administration,1,1249,1,Female,3,1,Research Scientist,4,33711,3-6 LPA,1,Y,No,3,1,3,3,3
VK9040,29,26-35,No,Administration,1,1260,3,Male,3,2,Healthcare Representative,4,6539,0-3 LPA,1,Y,Yes,3,2,6,3,6
VK9060,29,26-35,No,Administration,1,1264,4,Female,2,4,Research Director,4,54351,6-10 LPA,3,Y,No,3,2,9,2,7
VK9330,29,26-35,Yes,Administration,1,1299,2,Female,3,1,Laboratory Technician,3,62267,6-10 LPA,3,Y,Yes,3,1,10,3,7
VK10060,29,26-35,No,Human Resources,1,1419,2,Male,2,3,Human Resources,1,49354,3-6 LPA,1,Y,No,3,1,10,2,10
VK10080,29,26-35,Yes,Administration,1,1421,3,Female,3,3,Healthcare Representative,4,3557,0-3 LPA,0,Y,Yes,3,1,9,3,8
VK10580,29,26-35,Yes,Sales,1,1487,1,Female,3,2,Sales Executive,2,39360,3-6 LPA,5,Y,No,3,1,7,1,5
VK10640,29,26-35,No,Sales,1,1497,3,Male,2,2,Sales Executive,3,83018,6-10 LPA,1,Y,No,3,3,10,3,10
VK10730,29,26-35,No,Administration,1,1513,4,Female,3,1,Laboratory Technician,2,3200,0-3 LPA,0,Y,No,3,3,4,3,3
VK10780,29,26-35,Yes,Administration,1,1522,1,Male,2,1,Research Scientist,1,69497,6-10 LPA,6,Y,No,3,3,11,1,9
VK10910,29,26-35,No,Administration,1,1544,3,Female,1,2,Healthcare Representative,1,47975,3-6 LPA,3,Y,No,3,3,9,3,7
VK11050,29,26-35,No,Administration,1,1558,3,Male,4,1,Research Scientist,3,22357,0-3 LPA,6,Y,No,3,1,5,2,1
VK11230,29,26-35,No,Administration,1,1586,2,Male,3,1,Laboratory Technician,1,78505,6-10 LPA,1,Y,Yes,3,4,10,3,10
VK11260,29,26-35,No,Administration,1,1590,1,Male,3,2,Healthcare Representative,4,3869,0-3 LPA,1,Y,No,3,4,6,4,6
VK11730,29,26-35,No,Sales,1,1650,3,Male,2,2,Sales Executive,3,62135,6-10 LPA,9,Y,No,3,3,8,3,5
VK11890,29,26-35,No,Sales,1,1669,1,Male,2,2,Sales Executive,2,51108,6-10 LPA,1,Y,Yes,3,2,10,2,10
VK12200,29,26-35,No,Administration,1,1709,4,Female,3,1,Laboratory Technician,3,95179,10+ LPA,9,Y,No,3,3,9,3,5
VK12500,29,26-35,Yes,Sales,1,1752,2,Female,1,1,Sales Representative,2,91272,10+ LPA,1,Y,No,3,3,2,3,2
VK12510,29,26-35,No,Administration,1,1753,4,Male,4,2,Healthcare Representative,3,39467,3-6 LPA,8,Y,Yes,3,4,10,4,3
VK12590,29,26-35,No,Administration,1,1762,4,Female,2,1,Research Scientist,1,24328,0-3 LPA,1,Y,No,3,3,1,3,1
VK13140,29,26-35,Yes,Human Resources,1,1844,1,Male,2,1,Human Resources,1,92412,10+ LPA,4,Y,Yes,3,4,4,3,2
VK13190,29,26-35,No,Administration,1,1852,4,Male,3,1,Laboratory Technician,4,87831,10+ LPA,1,Y,No,3,2,11,4,11
VK13250,29,26-35,No,Administration,1,1859,4,Male,1,2,Healthcare Representative,3,4987,0-3 LPA,8,Y,No,3,4,11,3,7
VK13300,29,26-35,No,Human Resources,1,1865,4,Male,2,1,Human Resources,2,59871,6-10 LPA,1,Y,No,3,4,1,3,1
VK13330,29,26-35,Yes,Administration,1,1868,4,Male,2,1,Research Scientist,4,23399,0-3 LPA,1,Y,Yes,4,2,1,2,1
VK13440,29,26-35,No,Administration,1,1883,4,Male,3,1,Laboratory Technician,1,47214,3-6 LPA,3,Y,No,3,2,11,3,3
VK13660,29,26-35,Yes,Sales,1,1928,3,Male,4,1,Sales Representative,1,87416,10+ LPA,1,Y,No,3,4,1,3,1
VK13880,29,26-35,No,Administration,1,1954,1,Male,3,2,Healthcare Representative,1,71271,6-10 LPA,0,Y,No,3,1,6,2,5
VK14430,29,26-35,Yes,Administration,1,2027,1,Male,3,1,Research Scientist,4,45064,3-6 LPA,9,Y,Yes,3,2,4,4,2
VK14600,29,26-35,No,Administration,1,2053,4,Male,2,2,Laboratory Technician,2,71091,6-10 LPA,4,Y,Yes,3,1,10,3,4
VK14610,29,26-35,No,Administration,1,2054,4,Female,2,1,Research Scientist,1,41818,3-6 LPA,1,Y,No,3,2,5,1,5
VK14610,29,26-35,No,Administration,1,2054,4,Female,2,1,Research Scientist,1,46525,3-6 LPA,1,Y,No,3,2,5,1,5
VK0080,30,26-35,No,Administration,1,11,4,Male,3,1,Laboratory Technician,3,20830,0-3 LPA,1,Y,No,4,2,1,3,1
VK0330,30,26-35,No,Administration,1,41,4,Male,2,1,Laboratory Technician,3,18429,0-3 LPA,1,Y,No,3,1,10,3,10
VK0450,30,26-35,No,Administration,1,57,3,Female,3,2,Laboratory Technician,4,7893,0-3 LPA,1,Y,No,4,4,12,3,12
VK0810,30,26-35,No,Administration,1,104,4,Male,2,2,Laboratory Technician,4,80909,6-10 LPA,1,Y,Yes,3,3,10,2,10
VK0890,30,26-35,No,Administration,1,117,3,Male,2,2,Healthcare Representative,4,48333,3-6 LPA,1,Y,No,3,1,11,3,11
VK0930,30,26-35,No,Sales,1,121,3,Female,2,2,Sales Executive,2,4436,0-3 LPA,1,Y,Yes,3,2,11,2,11
VK1210,30,26-35,No,Administration,1,159,1,Male,1,1,Research Scientist,3,75290,6-10 LPA,1,Y,No,4,3,10,2,10
VK1400,30,26-35,No,Finance,1,184,3,Male,3,2,Human Resources,4,77213,6-10 LPA,0,Y,Yes,3,4,12,1,11
VK1440,30,26-35,No,Administration,1,194,1,Female,3,1,Research Scientist,3,6895,0-3 LPA,1,Y,No,3,3,5,2,5
VK1460,30,26-35,No,Administration,1,197,4,Female,3,1,Research Scientist,1,20738,0-3 LPA,5,Y,No,3,4,8,3,3
VK1470,30,26-35,No,Administration,1,198,2,Male,2,1,Laboratory Technician,4,31746,3-6 LPA,0,Y,No,3,4,6,3,5
VK1680,30,26-35,No,Sales,1,228,2,Female,3,3,Sales Executive,4,50377,6-10 LPA,2,Y,No,3,3,12,3,10
VK1740,30,26-35,No,Administration,1,239,3,Male,3,2,Laboratory Technician,1,49404,3-6 LPA,1,Y,No,3,3,12,3,12
VK2120,30,26-35,No,Administration,1,292,3,Male,2,3,Manufacturing Director,3,55045,6-10 LPA,1,Y,No,4,3,12,3,11
VK2150,30,26-35,Yes,Administration,1,297,4,Female,3,1,Research Scientist,1,98888,10+ LPA,5,Y,Yes,3,3,8,3,5
VK2170,30,26-35,Yes,Sales,1,299,3,Female,2,2,Sales Executive,1,40790,3-6 LPA,5,Y,No,3,3,9,2,6
VK3250,30,26-35,No,Administration,1,441,4,Female,3,2,Research Scientist,4,6600,0-3 LPA,1,Y,No,3,4,11,3,10
VK3390,30,26-35,No,Sales,1,456,4,Female,2,2,Sales Executive,3,95660,10+ LPA,1,Y,No,3,3,10,3,10
VK3550,30,26-35,No,Sales,1,475,4,Female,3,2,Sales Executive,3,94179,10+ LPA,7,Y,Yes,3,2,4,4,2
VK3820,30,26-35,No,Sales,1,508,3,Male,3,1,Sales Representative,2,41764,3-6 LPA,1,Y,No,3,1,1,3,1
VK3860,30,26-35,Yes,Administration,1,514,3,Male,3,1,Research Scientist,4,75543,6-10 LPA,9,Y,Yes,4,3,3,3,1
VK4030,30,26-35,No,Sales,1,533,2,Female,3,2,Sales Executive,3,46714,3-6 LPA,0,Y,No,3,2,6,3,5
VK4110,30,26-35,No,Administration,1,548,3,Female,1,2,Manufacturing Director,4,57835,6-10 LPA,2,Y,No,4,3,11,3,5
VK4200,30,26-35,No,Administration,1,562,3,Male,3,1,Laboratory Technician,4,74744,6-10 LPA,4,Y,No,3,3,9,1,5
VK4240,30,26-35,No,Sales,1,567,3,Female,3,3,Sales Executive,1,57491,6-10 LPA,0,Y,No,3,3,10,3,9
VK4270,30,26-35,No,Administration,1,571,3,Female,3,1,Laboratory Technician,4,19589,0-3 LPA,0,Y,No,3,3,12,2,11
VK4380,30,26-35,No,Sales,1,585,4,Male,3,1,Sales Representative,2,44484,3-6 LPA,0,Y,No,3,1,4,3,3
VK4810,30,26-35,Yes,Sales,1,648,2,Male,2,1,Sales Representative,1,83989,10+ LPA,1,Y,No,3,3,1,4,1
VK5020,30,26-35,No,Administration,1,680,3,Female,3,1,Research Scientist,3,37212,3-6 LPA,1,Y,No,4,3,1,3,1
VK5460,30,26-35,No,Sales,1,747,3,Male,3,2,Sales Executive,4,44525,3-6 LPA,7,Y,No,4,4,10,2,8
VK5820,30,26-35,No,Administration,1,806,4,Male,1,1,Laboratory Technician,3,48202,3-6 LPA,3,Y,No,4,3,7,3,2
VK6030,30,26-35,No,Administration,1,833,3,Female,2,2,Manufacturing Director,4,33635,3-6 LPA,5,Y,Yes,4,2,12,2,0
VK6240,30,26-35,No,Administration,1,861,2,Male,2,1,Research Scientist,4,64208,6-10 LPA,9,Y,No,3,2,10,2,5
VK7030,30,26-35,No,Sales,1,982,3,Male,3,3,Sales Executive,3,34828,3-6 LPA,5,Y,No,3,1,10,4,8
VK7210,30,26-35,Yes,Administration,1,1004,1,Female,3,1,Research Scientist,3,19711,0-3 LPA,4,Y,Yes,3,2,7,3,5
VK7310,30,26-35,No,Administration,1,1015,2,Female,4,3,Research Director,1,4420,0-3 LPA,0,Y,Yes,3,3,9,2,8
VK7330,30,26-35,Yes,Administration,1,1017,2,Female,3,1,Laboratory Technician,2,97752,10+ LPA,0,Y,No,3,1,4,3,3
VK7830,30,26-35,No,Administration,1,1084,3,Male,3,2,Manufacturing Director,1,1301,0-3 LPA,0,Y,No,3,3,7,2,6
VK8450,30,26-35,No,Sales,1,1179,3,Male,2,2,Sales Executive,3,46236,3-6 LPA,1,Y,No,3,1,10,3,10
VK8660,30,26-35,No,Sales,1,1211,3,Male,3,2,Sales Executive,1,67235,6-10 LPA,8,Y,No,3,3,8,3,4
VK8750,30,26-35,No,Administration,1,1224,3,Male,3,2,Laboratory Technician,3,55240,6-10 LPA,1,Y,No,3,1,10,2,10
VK8870,30,26-35,No,Administration,1,1241,4,Male,3,1,Research Scientist,2,66726,6-10 LPA,0,Y,Yes,4,1,12,3,11
VK9320,30,26-35,No,Administration,1,1298,3,Female,3,2,Manufacturing Director,3,11492,0-3 LPA,7,Y,Yes,3,3,10,3,8
VK9420,30,26-35,No,Administration,1,1311,1,Female,2,2,Laboratory Technician,4,7102,0-3 LPA,0,Y,No,3,1,10,3,9
VK9490,30,26-35,No,Administration,1,1321,2,Female,3,3,Manager,1,51336,6-10 LPA,1,Y,Yes,4,4,9,3,9
VK10140,30,26-35,No,Sales,1,1428,4,Female,3,2,Sales Executive,1,86314,10+ LPA,7,Y,No,3,2,8,3,3
VK10500,30,26-35,No,Sales,1,1479,4,Male,3,2,Sales Executive,3,27641,3-6 LPA,8,Y,No,3,3,4,2,2
VK10530,30,26-35,No,Administration,1,1482,3,Male,3,1,Research Scientist,3,35584,3-6 LPA,1,Y,No,3,2,1,2,1
VK10650,30,26-35,No,Finance,1,1499,3,Male,3,1,Human Resources,3,33745,3-6 LPA,0,Y,No,4,1,6,4,5
VK11070,30,26-35,Yes,Sales,1,1562,2,Male,2,2,Sales Executive,1,24093,0-3 LPA,1,Y,No,3,4,10,3,10
VK11100,30,26-35,No,Sales,1,1568,3,Male,3,3,Sales Executive,2,67105,6-10 LPA,3,Y,No,3,2,9,3,4
VK11420,30,26-35,No,Administration,1,1609,2,Male,2,1,Research Scientist,2,52885,6-10 LPA,1,Y,No,3,2,6,2,6
VK12340,30,26-35,No,Administration,1,1729,2,Male,3,1,Research Scientist,4,37631,3-6 LPA,1,Y,No,3,2,10,2,10
VK12450,30,26-35,No,Administration,1,1745,4,Female,2,1,Research Scientist,1,73991,6-10 LPA,0,Y,No,3,4,10,3,9
VK12470,30,26-35,Yes,Human Resources,1,1747,3,Female,2,1,Human Resources,4,5014,0-3 LPA,6,Y,No,3,3,6,2,4
VK12520,30,26-35,No,Sales,1,1754,3,Male,2,3,Sales Executive,1,12093,0-3 LPA,2,Y,No,3,1,12,3,7
VK12600,30,26-35,No,Administration,1,1763,3,Male,4,2,Healthcare Representative,3,19070,0-3 LPA,3,Y,No,3,3,10,3,7
VK12970,30,26-35,No,Administration,1,1816,1,Female,3,3,Manufacturing Director,3,36777,3-6 LPA,9,Y,No,3,2,9,3,7
VK13390,30,26-35,Yes,Sales,1,1876,2,Male,3,1,Sales Representative,4,57958,6-10 LPA,1,Y,No,3,3,1,2,1
VK14130,30,26-35,No,Administration,1,1989,4,Male,3,1,Laboratory Technician,2,83074,6-10 LPA,1,Y,No,3,3,12,2,12
VK0130,31,26-35,No,Administration,1,16,1,Male,3,1,Research Scientist,3,11729,0-3 LPA,1,Y,No,3,4,5,2,5
VK0590,31,26-35,No,Administration,1,76,4,Male,3,2,Laboratory Technician,4,46017,3-6 LPA,3,Y,No,4,4,10,2,7
VK0730,31,26-35,No,Administration,1,95,3,Male,3,1,Research Scientist,2,67320,6-10 LPA,1,Y,No,3,2,1,3,1
VK0760,31,26-35,No,Administration,1,98,3,Female,3,2,Manufacturing Director,4,28751,3-6 LPA,1,Y,No,4,4,11,3,11
VK1250,31,26-35,Yes,Sales,1,163,2,Male,1,2,Sales Executive,3,79069,6-10 LPA,4,Y,Yes,3,2,12,2,7
VK1330,31,26-35,Yes,Sales,1,175,2,Female,1,2,Sales Executive,3,55748,6-10 LPA,3,Y,Yes,3,3,4,3,2
VK1810,31,26-35,No,Administration,1,246,3,Female,3,1,Research Scientist,4,6801,0-3 LPA,8,Y,Yes,4,3,7,3,4
VK2250,31,26-35,No,Administration,1,308,3,Male,1,2,Manufacturing Director,3,20190,0-3 LPA,0,Y,No,3,4,6,3,5
VK2460,31,26-35,No,Administration,1,337,2,Male,3,3,Research Director,3,50689,6-10 LPA,9,Y,No,3,1,9,3,2
VK2600,31,26-35,Yes,Administration,1,355,3,Male,2,1,Laboratory Technician,2,51993,6-10 LPA,0,Y,No,3,2,6,4,5
VK2670,31,26-35,No,Administration,1,367,2,Male,2,2,Healthcare Representative,4,30592,3-6 LPA,0,Y,No,4,2,10,3,9
VK2930,31,26-35,No,Sales,1,399,4,Female,3,1,Sales Representative,2,11647,0-3 LPA,1,Y,No,3,3,2,2,2
VK3040,31,26-35,No,Sales,1,416,2,Male,4,2,Sales Executive,4,9716,0-3 LPA,4,Y,No,3,2,10,2,8
VK3100,31,26-35,No,Administration,1,423,3,Male,3,1,Research Scientist,4,89891,10+ LPA,0,Y,Yes,3,3,6,3,5
VK3110,31,26-35,No,Finance,1,424,1,Male,2,2,Human Resources,1,88545,10+ LPA,3,Y,No,3,4,9,3,2
VK3130,31,26-35,No,Administration,1,426,3,Male,3,1,Research Scientist,4,90912,10+ LPA,0,Y,Yes,3,2,3,1,2
VK3220,31,26-35,No,Sales,1,438,4,Male,3,2,Sales Executive,4,71316,6-10 LPA,4,Y,No,3,4,13,3,7
VK3260,31,26-35,No,Administration,1,442,3,Female,2,3,Manufacturing Director,3,3368,0-3 LPA,1,Y,No,4,1,10,3,10
VK3430,31,26-35,No,Administration,1,462,3,Female,3,3,Manufacturing Director,4,78575,6-10 LPA,1,Y,Yes,3,3,11,2,11
VK3700,31,26-35,No,Administration,1,493,3,Male,2,1,Research Scientist,2,7655,0-3 LPA,0,Y,Yes,3,4,3,3,2
VK3950,31,26-35,No,Administration,1,524,2,Female,3,2,Manufacturing Director,1,71031,6-10 LPA,1,Y,No,3,2,13,1,13
VK4000,31,26-35,No,Administration,1,530,4,Male,2,1,Laboratory Technician,1,77429,6-10 LPA,1,Y,No,3,3,4,3,4
VK4350,31,26-35,No,Administration,1,581,3,Male,3,3,Manufacturing Director,2,92083,10+ LPA,1,Y,No,4,4,13,4,13
VK4400,31,26-35,Yes,Administration,1,587,1,Male,3,3,Healthcare Representative,3,88922,10+ LPA,3,Y,No,3,1,12,3,1
VK4510,31,26-35,No,Sales,1,604,2,Male,3,2,Sales Executive,4,56766,6-10 LPA,4,Y,Yes,3,3,10,4,6
VK4570,31,26-35,No,Sales,1,613,3,Male,2,3,Manager,4,14403,0-3 LPA,9,Y,No,4,3,10,2,5
VK4830,31,26-35,Yes,Sales,1,650,2,Male,3,2,Sales Executive,1,33097,3-6 LPA,2,Y,No,3,3,9,1,3
VK4850,31,26-35,No,Sales,1,653,1,Male,4,2,Sales Executive,4,79657,6-10 LPA,4,Y,No,4,4,13,4,7
VK6450,31,26-35,No,Administration,1,895,4,Male,3,1,Research Scientist,4,11966,0-3 LPA,3,Y,Yes,3,2,8,3,6
VK6760,31,26-35,No,Sales,1,941,2,Male,2,1,Sales Representative,3,94848,10+ LPA,3,Y,No,3,2,13,4,7
VK6800,31,26-35,No,Sales,1,947,4,Female,3,2,Sales Executive,3,53921,6-10 LPA,1,Y,No,3,4,9,2,9
VK6910,31,26-35,No,Administration,1,961,4,Female,3,2,Healthcare Representative,4,50726,6-10 LPA,0,Y,Yes,3,3,10,1,9
VK7100,31,26-35,Yes,Administration,1,991,3,Male,2,1,Research Scientist,1,51300,6-10 LPA,0,Y,Yes,4,1,4,3,3
VK7270,31,26-35,No,Administration,1,1011,3,Female,3,2,Manufacturing Director,1,23677,0-3 LPA,1,Y,No,3,3,4,3,4
VK8190,31,26-35,No,Sales,1,1135,3,Male,4,1,Sales Representative,4,56609,6-10 LPA,0,Y,No,3,1,3,3,2
VK8320,31,26-35,Yes,Administration,1,1160,3,Male,3,1,Laboratory Technician,3,97825,10+ LPA,1,Y,No,3,3,2,2,2
VK8960,31,26-35,No,Administration,1,1251,3,Male,3,2,Healthcare Representative,1,57661,6-10 LPA,1,Y,Yes,3,4,6,2,6
VK8970,31,26-35,No,Administration,1,1252,3,Female,2,2,Healthcare Representative,1,32024,3-6 LPA,1,Y,No,3,2,10,3,10
VK9510,31,26-35,No,Sales,1,1324,4,Female,3,3,Sales Executive,3,71313,6-10 LPA,1,Y,Yes,3,1,10,2,10
VK9530,31,26-35,Yes,Sales,1,1331,4,Female,3,1,Sales Representative,2,54006,6-10 LPA,1,Y,Yes,3,1,3,4,3
VK9530,31,26-35,Yes,Sales,1,1331,4,Female,3,1,Sales Representative,2,54006,6-10 LPA,1,Y,Yes,3,1,3,4,3
VK9860,31,26-35,Yes,Administration,1,1389,4,Male,3,2,Manufacturing Director,3,16338,0-3 LPA,1,Y,Yes,3,4,10,2,10
VK10130,31,26-35,Yes,Sales,1,1427,2,Female,1,1,Sales Representative,3,69027,6-10 LPA,1,Y,No,3,2,1,3,1
VK10150,31,26-35,No,Administration,1,1430,1,Female,3,4,Research Director,2,93772,10+ LPA,3,Y,No,3,3,9,4,3
VK10170,31,26-35,Yes,Administration,1,1433,1,Female,2,1,Research Scientist,2,81135,6-10 LPA,1,Y,No,3,3,1,4,1
VK10310,31,26-35,No,Sales,1,1453,1,Male,3,3,Sales Executive,4,20508,0-3 LPA,1,Y,No,3,1,13,3,13
VK10340,31,26-35,Yes,Administration,1,1459,3,Female,4,3,Manufacturing Director,2,4051,0-3 LPA,1,Y,No,3,1,10,3,10
VK10360,31,26-35,No,Finance,1,1461,4,Female,4,1,Human Resources,2,49747,3-6 LPA,9,Y,No,3,4,8,3,3
VK10370,31,26-35,Yes,Administration,1,1464,2,Male,3,1,Laboratory Technician,4,88142,10+ LPA,6,Y,Yes,3,3,7,1,2
VK10860,31,26-35,Yes,Administration,1,1537,4,Female,3,1,Research Scientist,3,88235,10+ LPA,1,Y,No,3,1,7,1,7
VK11450,31,26-35,No,Sales,1,1613,4,Male,3,2,Sales Executive,1,55021,6-10 LPA,7,Y,No,3,4,10,3,5
VK11920,31,26-35,No,Sales,1,1673,1,Female,3,2,Sales Executive,4,67412,6-10 LPA,1,Y,No,3,1,10,3,10
VK12280,31,26-35,No,Administration,1,1721,2,Male,3,1,Laboratory Technician,3,59335,6-10 LPA,1,Y,No,3,4,6,4,5
VK12400,31,26-35,No,Administration,1,1736,4,Female,3,2,Manufacturing Director,4,57179,6-10 LPA,2,Y,No,4,4,9,2,5
VK12480,31,26-35,No,Sales,1,1749,1,Male,3,2,Sales Executive,3,33093,3-6 LPA,1,Y,No,3,3,6,3,5
VK12580,31,26-35,Yes,Sales,1,1761,1,Male,3,3,Sales Executive,3,70678,6-10 LPA,2,Y,No,3,1,10,3,1
VK12750,31,26-35,No,Sales,1,1784,1,Female,2,2,Sales Executive,4,81738,6-10 LPA,1,Y,No,3,1,13,3,12
VK13070,31,26-35,No,Sales,1,1833,1,Female,3,3,Sales Executive,1,40734,3-6 LPA,2,Y,No,3,4,9,3,3
VK13130,31,26-35,Yes,Finance,1,1842,4,Male,4,1,Human Resources,1,73615,6-10 LPA,0,Y,No,3,3,2,3,1
VK13420,31,26-35,No,Administration,1,1881,2,Male,3,2,Laboratory Technician,3,74523,6-10 LPA,1,Y,No,3,1,10,3,10
VK13590,31,26-35,No,Sales,1,1912,3,Female,3,2,Sales Executive,4,95476,10+ LPA,2,Y,Yes,3,4,8,3,5
VK13610,31,26-35,No,Administration,1,1916,1,Female,4,1,Laboratory Technician,3,18019,0-3 LPA,8,Y,No,3,2,4,2,2
VK13830,31,26-35,No,Administration,1,1948,3,Male,3,1,Research Scientist,1,84613,10+ LPA,1,Y,Yes,3,4,4,4,4
VK13900,31,26-35,No,Administration,1,1956,4,Male,1,2,Research Scientist,1,92794,10+ LPA,1,Y,No,4,2,10,3,10
VK13960,31,26-35,Yes,Sales,1,1967,1,Male,3,2,Sales Executive,4,87672,10+ LPA,1,Y,Yes,3,3,10,3,10
VK14030,31,26-35,No,Administration,1,1974,4,Female,1,1,Laboratory Technician,4,74847,6-10 LPA,1,Y,Yes,3,3,1,3,1
VK14060,31,26-35,No,Administration,1,1979,3,Female,3,3,Research Director,3,83750,10+ LPA,4,Y,No,4,3,13,4,11
VK14180,31,26-35,No,Sales,1,1996,1,Male,3,1,Sales Representative,3,80634,6-10 LPA,0,Y,No,3,3,3,3,2
VK14640,31,26-35,No,Administration,1,2057,2,Male,3,2,Manufacturing Director,1,29251,3-6 LPA,0,Y,No,3,2,10,3,9
VK14640,31,26-35,No,Administration,1,2057,2,Male,3,2,Manufacturing Director,1,26945,3-6 LPA,0,Y,No,3,2,10,3,9
VK0060,32,26-35,No,Administration,1,8,4,Male,3,1,Laboratory Technician,4,91852,10+ LPA,0,Y,No,3,3,8,2,7
VK0170,32,26-35,No,Administration,1,21,1,Male,4,1,Research Scientist,2,33217,3-6 LPA,0,Y,Yes,3,4,7,2,6
VK0270,32,26-35,Yes,Administration,1,33,2,Female,1,1,Research Scientist,1,9308,0-3 LPA,1,Y,Yes,4,2,10,3,10
VK0610,32,26-35,No,Administration,1,78,1,Male,3,2,Manufacturing Director,4,6949,0-3 LPA,1,Y,Yes,4,2,9,3,9
VK0740,32,26-35,No,Administration,1,96,2,Male,3,2,Research Scientist,2,52990,6-10 LPA,1,Y,No,3,2,10,3,10
VK0950,32,26-35,No,Sales,1,125,2,Male,3,2,Sales Executive,3,2150,0-3 LPA,1,Y,No,3,1,12,3,11
VK1020,32,26-35,No,Administration,1,134,4,Male,3,1,Research Scientist,1,90480,10+ LPA,1,Y,No,3,4,1,3,1
VK1410,32,26-35,Yes,Administration,1,190,1,Female,3,1,Laboratory Technician,1,75740,6-10 LPA,7,Y,No,4,1,10,4,5
VK1450,32,26-35,No,Sales,1,195,4,Male,1,2,Sales Executive,4,67617,6-10 LPA,0,Y,No,3,4,9,4,8
VK1550,32,26-35,No,Sales,1,207,2,Female,3,3,Sales Executive,4,95841,10+ LPA,1,Y,No,3,4,9,3,9
VK1700,32,26-35,No,Administration,1,231,3,Male,3,1,Research Scientist,3,17896,0-3 LPA,3,Y,No,4,1,8,3,5
VK2110,32,26-35,Yes,Sales,1,291,4,Male,1,3,Sales Executive,4,47175,3-6 LPA,1,Y,No,3,3,14,2,14
VK2390,32,26-35,No,Sales,1,330,3,Female,3,1,Sales Representative,2,8805,0-3 LPA,2,Y,No,3,1,6,3,4
VK2400,32,26-35,Yes,Administration,1,331,4,Male,2,1,Laboratory Technician,3,6237,0-3 LPA,0,Y,Yes,3,4,4,1,3
VK2420,32,26-35,No,Sales,1,333,3,Male,3,2,Sales Executive,4,21056,0-3 LPA,0,Y,No,3,1,4,3,3
VK2610,32,26-35,No,Administration,1,359,2,Male,4,1,Laboratory Technician,2,46543,3-6 LPA,1,Y,No,4,3,5,1,5
VK2630,32,26-35,No,Administration,1,362,4,Male,2,2,Laboratory Technician,1,57556,6-10 LPA,4,Y,No,3,4,9,3,6
VK3070,32,26-35,No,Sales,1,420,4,Male,2,2,Sales Executive,3,4343,0-3 LPA,1,Y,No,3,3,13,2,13
VK3200,32,26-35,No,Sales,1,436,3,Female,2,2,Sales Executive,2,14500,0-3 LPA,1,Y,Yes,3,4,13,3,13
VK3230,32,26-35,No,Administration,1,439,1,Female,4,2,Research Scientist,4,54222,6-10 LPA,7,Y,No,3,3,10,2,7
VK3520,32,26-35,No,Administration,1,471,3,Female,3,1,Laboratory Technician,2,30375,3-6 LPA,1,Y,No,3,3,8,3,8
VK4700,32,26-35,Yes,Sales,1,631,4,Male,4,2,Sales Executive,3,10662,0-3 LPA,8,Y,No,3,4,6,3,4
VK5010,32,26-35,No,Administration,1,679,1,Female,3,2,Research Scientist,4,17964,0-3 LPA,1,Y,Yes,3,4,6,2,6
VK5280,32,26-35,No,Sales,1,722,4,Male,3,2,Sales Executive,4,60638,6-10 LPA,1,Y,No,3,4,10,2,10
VK5320,32,26-35,No,Administration,1,727,3,Female,3,3,Research Director,4,74666,6-10 LPA,3,Y,No,3,4,10,3,7
VK5590,32,26-35,No,Administration,1,772,1,Male,3,2,Laboratory Technician,4,86067,10+ LPA,1,Y,No,3,4,10,3,10
VK6010,32,26-35,No,Administration,1,830,3,Female,2,2,Manufacturing Director,3,68215,6-10 LPA,1,Y,No,3,3,14,3,14
VK6230,32,26-35,No,Sales,1,859,2,Male,3,2,Sales Executive,4,70042,6-10 LPA,2,Y,No,3,3,8,2,5
VK6270,32,26-35,No,Administration,1,865,3,Female,4,2,Research Scientist,3,14284,0-3 LPA,5,Y,No,3,3,9,2,5
VK6380,32,26-35,No,Administration,1,882,4,Male,3,1,Laboratory Technician,4,73789,6-10 LPA,0,Y,No,3,2,4,3,3
VK6420,32,26-35,No,Sales,1,889,2,Male,3,2,Sales Executive,2,85664,10+ LPA,1,Y,No,3,4,10,3,10
VK6570,32,26-35,Yes,Administration,1,911,1,Male,3,1,Laboratory Technician,4,94468,10+ LPA,1,Y,Yes,4,3,1,1,1
VK6830,32,26-35,No,Administration,1,951,3,Female,2,1,Laboratory Technician,2,62389,6-10 LPA,6,Y,No,4,3,5,3,3
VK6930,32,26-35,No,Administration,1,966,3,Female,3,2,Manufacturing Director,1,10435,0-3 LPA,1,Y,No,3,3,8,4,8
VK7570,32,26-35,No,Administration,1,1046,4,Female,3,1,Laboratory Technician,3,55340,6-10 LPA,9,Y,No,3,2,10,3,8
VK8510,32,26-35,No,Sales,1,1190,3,Female,3,1,Sales Representative,1,45078,3-6 LPA,1,Y,No,3,3,1,3,1
VK8810,32,26-35,No,Administration,1,1234,3,Female,2,1,Laboratory Technician,2,79832,6-10 LPA,1,Y,No,4,3,2,3,2
VK8820,32,26-35,No,Administration,1,1235,4,Female,3,2,Research Scientist,3,52293,6-10 LPA,4,Y,Yes,3,4,10,3,8
VK9360,32,26-35,No,Sales,1,1304,3,Male,4,2,Sales Executive,4,96981,10+ LPA,1,Y,No,3,3,10,4,10
VK9400,32,26-35,Yes,Administration,1,1309,4,Male,3,2,Laboratory Technician,3,79781,6-10 LPA,1,Y,No,3,1,10,3,10
VK9920,32,26-35,No,Sales,1,1396,3,Male,3,2,Sales Executive,2,61403,6-10 LPA,0,Y,Yes,3,1,4,2,3
VK10270,32,26-35,No,Sales,1,1446,4,Male,3,2,Sales Executive,4,30124,3-6 LPA,4,Y,No,3,3,7,2,4
VK10760,32,26-35,No,Administration,1,1516,3,Male,3,3,Manager,4,96435,10+ LPA,2,Y,No,4,2,10,4,5
VK11020,32,26-35,No,Administration,1,1555,4,Female,2,2,Research Scientist,2,44919,3-6 LPA,3,Y,No,3,1,12,3,7
VK11140,32,26-35,No,Administration,1,1574,4,Male,3,2,Research Scientist,1,36247,3-6 LPA,4,Y,No,3,2,9,2,6
VK11400,32,26-35,No,Administration,1,1607,2,Female,4,1,Research Scientist,4,95758,10+ LPA,3,Y,No,3,4,6,3,3
VK11910,32,26-35,No,Administration,1,1671,4,Male,3,2,Research Scientist,2,92747,10+ LPA,0,Y,No,3,3,10,2,9
VK12060,32,26-35,Yes,Administration,1,1692,4,Male,3,1,Laboratory Technician,2,63752,6-10 LPA,1,Y,No,3,1,1,3,1
VK12270,32,26-35,No,Administration,1,1720,1,Male,3,1,Research Scientist,3,57573,6-10 LPA,6,Y,No,3,1,10,2,5
VK12380,32,26-35,Yes,Sales,1,1734,1,Male,1,2,Sales Executive,2,60101,6-10 LPA,6,Y,No,3,2,10,3,0
VK12420,32,26-35,No,Sales,1,1739,4,Male,1,3,Sales Executive,3,27646,3-6 LPA,3,Y,No,3,3,10,1,4
VK12610,32,26-35,No,Administration,1,1764,2,Male,3,1,Research Scientist,2,24049,0-3 LPA,2,Y,No,3,2,12,3,7
VK13200,32,26-35,No,Sales,1,1853,4,Male,3,2,Sales Executive,4,80605,6-10 LPA,8,Y,No,3,3,4,4,0
VK13270,32,26-35,Yes,Sales,1,1862,3,Male,2,2,Sales Executive,2,99116,10+ LPA,7,Y,Yes,3,3,7,2,2
VK13760,32,26-35,Yes,Administration,1,1939,1,Female,4,1,Research Scientist,3,98379,10+ LPA,3,Y,Yes,3,1,8,3,4
VK13890,32,26-35,No,Administration,1,1955,3,Female,3,2,Healthcare Representative,4,69385,6-10 LPA,5,Y,No,3,2,9,3,5
VK13950,32,26-35,No,Administration,1,1966,4,Male,2,2,Manufacturing Director,4,41158,3-6 LPA,8,Y,No,4,2,8,3,1
VK14270,32,26-35,No,Administration,1,2010,3,Female,2,1,Laboratory Technician,2,66417,6-10 LPA,1,Y,No,3,3,6,3,6
VK14290,32,26-35,No,Sales,1,2013,2,Male,2,1,Sales Representative,2,24289,0-3 LPA,0,Y,No,3,2,3,3,2
VK14320,32,26-35,No,Sales,1,2016,3,Female,3,3,Sales Executive,4,10823,0-3 LPA,1,Y,No,3,3,14,3,14
VK14500,32,26-35,No,Administration,1,2038,4,Male,3,1,Research Scientist,1,61160,6-10 LPA,1,Y,No,3,4,4,3,4
VK13760,32,26-35,Yes,Administration,1,1939,1,Female,4,1,Research Scientist,3,98379,10+ LPA,3,Y,Yes,3,1,8,3,4
VK0310,33,26-35,No,Administration,1,39,3,Male,3,1,Laboratory Technician,4,10540,0-3 LPA,4,Y,No,3,4,7,3,1
VK0400,33,26-35,No,Sales,1,52,3,Female,4,2,Sales Executive,1,17364,0-3 LPA,2,Y,No,3,1,10,3,5
VK0560,33,26-35,No,Administration,1,73,1,Female,3,3,Research Director,4,5611,0-3 LPA,1,Y,Yes,3,3,15,3,15
VK1220,33,26-35,No,Sales,1,160,3,Male,3,2,Sales Executive,2,28663,3-6 LPA,0,Y,No,3,1,8,4,7
VK1770,33,26-35,No,Administration,1,242,3,Male,3,1,Research Scientist,4,52991,6-10 LPA,0,Y,No,3,1,4,4,3
VK1860,33,26-35,No,Administration,1,252,4,Female,3,1,Research Scientist,2,58679,6-10 LPA,1,Y,No,3,4,8,3,8
VK2220,33,26-35,No,Administration,1,305,3,Female,2,1,Research Scientist,2,31977,3-6 LPA,6,Y,No,4,4,7,3,3
VK2350,33,26-35,Yes,Administration,1,325,3,Male,3,1,Laboratory Technician,4,95704,10+ LPA,5,Y,Yes,3,3,8,1,5
VK2370,33,26-35,Yes,Administration,1,328,1,Female,3,1,Laboratory Technician,1,50115,6-10 LPA,7,Y,No,4,1,13,4,9
VK2470,33,26-35,No,Administration,1,338,3,Female,2,1,Research Scientist,4,92007,10+ LPA,1,Y,No,3,3,2,2,2
VK3140,33,26-35,No,Administration,1,428,4,Female,3,3,Manager,2,89223,10+ LPA,6,Y,No,3,2,12,3,10
VK3290,33,26-35,No,Sales,1,446,2,Male,2,2,Sales Executive,4,61890,6-10 LPA,3,Y,No,3,3,9,2,7
VK3640,33,26-35,Yes,Sales,1,485,4,Female,3,1,Sales Representative,3,67387,6-10 LPA,1,Y,Yes,3,2,1,3,1
VK4360,33,26-35,Yes,Administration,1,582,2,Male,3,3,Manager,3,19071,0-3 LPA,7,Y,Yes,3,4,15,4,7
VK4370,33,26-35,Yes,Administration,1,584,1,Male,1,1,Laboratory Technician,4,60275,6-10 LPA,7,Y,No,3,1,8,3,4
VK4560,33,26-35,No,Administration,1,612,1,Female,4,4,Research Director,3,73369,6-10 LPA,4,Y,No,3,3,10,3,6
VK5000,33,26-35,No,Sales,1,677,3,Male,3,2,Sales Executive,3,12938,0-3 LPA,0,Y,No,3,4,6,3,5
VK5100,33,26-35,No,Administration,1,692,3,Male,3,2,Healthcare Representative,4,36195,3-6 LPA,3,Y,No,4,3,15,1,13
VK5150,33,26-35,Yes,Administration,1,702,1,Male,3,1,Research Scientist,1,92680,10+ LPA,1,Y,Yes,3,1,10,3,10
VK5630,33,26-35,Yes,Administration,1,780,4,Male,3,1,Research Scientist,4,5000,0-3 LPA,1,Y,Yes,3,3,10,2,10
VK5910,33,26-35,No,Administration,1,817,3,Male,3,3,Research Director,3,71588,6-10 LPA,0,Y,No,3,4,14,4,13
VK5920,33,26-35,Yes,Sales,1,819,1,Female,3,2,Sales Executive,1,94610,10+ LPA,5,Y,No,3,3,6,3,3
VK6200,33,26-35,No,Sales,1,855,1,Male,4,2,Sales Executive,1,98856,10+ LPA,1,Y,No,4,1,9,3,9
VK6560,33,26-35,No,Finance,1,910,4,Male,3,1,Human Resources,2,39304,3-6 LPA,3,Y,Yes,3,3,7,4,4
VK6740,33,26-35,No,Administration,1,939,3,Male,2,1,Research Scientist,1,70449,6-10 LPA,3,Y,Yes,3,2,6,3,3
VK6950,33,26-35,No,Administration,1,969,2,Female,2,2,Healthcare Representative,4,83986,10+ LPA,0,Y,No,3,1,6,3,5
VK7110,33,26-35,No,Sales,1,992,4,Male,3,4,Manager,3,90643,10+ LPA,1,Y,No,3,4,10,3,10
VK7130,33,26-35,No,Administration,1,995,2,Female,3,1,Research Scientist,4,21764,0-3 LPA,3,Y,No,3,1,5,3,3
VK7160,33,26-35,No,Administration,1,998,3,Female,4,2,Healthcare Representative,2,87027,10+ LPA,1,Y,Yes,3,1,6,3,6
VK7550,33,26-35,No,Sales,1,1044,2,Female,2,1,Sales Representative,4,39494,3-6 LPA,0,Y,No,3,4,3,2,2
VK7910,33,26-35,No,Administration,1,1099,4,Male,2,3,Healthcare Representative,4,4373,0-3 LPA,4,Y,No,3,3,9,3,3
VK7930,33,26-35,Yes,Administration,1,1101,1,Female,2,2,Research Scientist,3,13161,0-3 LPA,1,Y,No,4,2,14,3,13
VK7990,33,26-35,Yes,Administration,1,1108,1,Male,2,1,Research Scientist,2,98532,10+ LPA,4,Y,Yes,4,2,5,3,2
VK8030,33,26-35,No,Sales,1,1114,4,Female,3,2,Sales Executive,2,93658,10+ LPA,0,Y,No,3,3,4,3,3
VK8300,33,26-35,Yes,Sales,1,1157,1,Female,3,2,Sales Executive,1,28350,3-6 LPA,0,Y,Yes,3,1,6,3,5
VK8640,33,26-35,No,Finance,1,1207,2,Male,3,1,Human Resources,3,94008,10+ LPA,1,Y,No,3,4,5,3,5
VK8730,33,26-35,No,Sales,1,1220,2,Female,3,2,Sales Executive,3,95297,10+ LPA,1,Y,No,3,1,10,2,10
VK8840,33,26-35,No,Administration,1,1238,1,Male,3,1,Research Scientist,4,26351,3-6 LPA,0,Y,No,3,2,15,3,14
VK9090,33,26-35,No,Sales,1,1268,4,Male,4,3,Sales Executive,3,89668,10+ LPA,0,Y,Yes,3,4,10,3,9
VK9910,33,26-35,No,Sales,1,1395,2,Male,3,2,Sales Executive,4,16305,0-3 LPA,6,Y,No,3,1,8,4,5
VK10480,33,26-35,No,Sales,1,1477,4,Male,3,2,Sales Executive,1,76353,6-10 LPA,0,Y,No,3,1,5,3,4
VK10670,33,26-35,No,Administration,1,1502,1,Female,2,1,Laboratory Technician,2,77797,6-10 LPA,8,Y,No,3,4,8,3,5
VK10750,33,26-35,No,Administration,1,1515,4,Male,3,2,Healthcare Representative,3,66953,6-10 LPA,2,Y,Yes,3,1,14,3,0
VK10920,33,26-35,No,Administration,1,1545,4,Male,2,2,Manufacturing Director,2,58458,6-10 LPA,1,Y,No,3,4,5,3,5
VK10960,33,26-35,No,Administration,1,1549,2,Male,3,2,Laboratory Technician,3,21358,0-3 LPA,1,Y,Yes,3,2,15,3,15
VK11060,33,26-35,No,Sales,1,1560,1,Male,3,2,Sales Executive,1,4267,0-3 LPA,2,Y,No,3,4,8,1,2
VK11900,33,26-35,No,Sales,1,1670,4,Male,3,2,Sales Executive,4,83745,10+ LPA,1,Y,No,3,3,6,3,6
VK11990,33,26-35,No,Sales,1,1681,3,Female,3,2,Sales Executive,4,90588,10+ LPA,1,Y,Yes,4,3,7,3,6
VK12110,33,26-35,No,Administration,1,1698,2,Male,4,1,Laboratory Technician,2,39513,3-6 LPA,1,Y,No,3,4,14,3,14
VK12540,33,26-35,No,Sales,1,1756,4,Female,3,2,Sales Executive,2,27092,3-6 LPA,8,Y,No,3,4,13,2,11
VK12560,33,26-35,Yes,Sales,1,1758,1,Female,3,3,Sales Executive,1,12338,0-3 LPA,2,Y,Yes,4,3,11,2,0
VK12660,33,26-35,No,Administration,1,1771,4,Male,3,2,Research Scientist,2,1412,0-3 LPA,5,Y,No,3,4,11,2,9
VK12830,33,26-35,No,Administration,1,1798,4,Male,4,1,Research Scientist,1,8543,0-3 LPA,6,Y,No,3,2,14,3,10
VK13640,33,26-35,No,Sales,1,1924,2,Male,3,2,Sales Executive,3,34496,3-6 LPA,1,Y,No,3,2,10,2,10
VK13990,33,26-35,No,Administration,1,1970,4,Male,3,2,Healthcare Representative,3,61692,6-10 LPA,1,Y,No,4,3,9,3,9
VK14160,33,26-35,No,Administration,1,1994,2,Male,2,1,Laboratory Technician,3,90084,10+ LPA,1,Y,No,3,3,1,2,1
VK14260,33,26-35,No,Administration,1,2009,2,Female,3,2,Healthcare Representative,4,93920,10+ LPA,0,Y,Yes,3,1,10,3,9
VK0140,34,26-35,No,Administration,1,18,2,Male,3,1,Laboratory Technician,4,45425,3-6 LPA,0,Y,No,3,3,3,3,2
VK0230,34,26-35,No,Administration,1,28,1,Female,3,3,Research Director,2,39756,3-6 LPA,0,Y,No,3,3,13,3,12
VK0250,34,26-35,Yes,Administration,1,31,2,Male,3,1,Research Scientist,1,19888,0-3 LPA,2,Y,No,3,3,8,3,4
VK0470,34,26-35,No,Sales,1,60,2,Male,3,2,Sales Executive,3,36735,3-6 LPA,0,Y,No,4,3,10,3,9
VK0850,34,26-35,No,Administration,1,110,1,Male,3,2,Manufacturing Director,2,48295,3-6 LPA,1,Y,No,3,3,5,3,5
VK1040,34,26-35,No,Administration,1,138,1,Female,3,2,Research Scientist,3,84042,10+ LPA,1,Y,No,3,3,16,3,16
VK1120,34,26-35,Yes,Administration,1,147,1,Male,1,2,Laboratory Technician,3,86999,10+ LPA,1,Y,Yes,4,4,9,3,9
VK1150,34,26-35,No,Administration,1,151,3,Female,2,2,Research Scientist,2,18955,0-3 LPA,6,Y,No,3,3,12,3,1
VK1170,34,26-35,No,Administration,1,153,3,Female,2,3,Manager,1,38841,3-6 LPA,2,Y,No,3,4,14,3,11
VK1600,34,26-35,No,Sales,1,216,3,Female,3,1,Sales Representative,3,71640,6-10 LPA,6,Y,No,3,4,6,3,4
VK1820,34,26-35,No,Administration,1,247,4,Female,3,1,Research Scientist,2,66510,6-10 LPA,2,Y,No,3,4,9,3,3
VK1890,34,26-35,No,Administration,1,256,4,Male,2,2,Manufacturing Director,3,35911,3-6 LPA,1,Y,No,3,3,10,2,10
VK2030,34,26-35,No,Administration,1,277,4,Male,3,1,Research Scientist,3,60031,6-10 LPA,1,Y,Yes,3,4,5,4,5
VK2480,34,26-35,No,Administration,1,339,4,Male,2,2,Manufacturing Director,1,89726,10+ LPA,6,Y,No,3,2,13,3,11
VK3790,34,26-35,Yes,Sales,1,502,1,Male,4,2,Sales Executive,4,8357,0-3 LPA,8,Y,Yes,3,2,9,2,5
VK3940,34,26-35,No,Sales,1,523,3,Female,3,2,Sales Executive,3,33479,3-6 LPA,9,Y,No,3,1,6,3,3
VK4160,34,26-35,Yes,Sales,1,555,4,Female,1,1,Sales Representative,3,62476,6-10 LPA,0,Y,No,3,4,3,2,2
VK4330,34,26-35,No,Administration,1,579,4,Male,2,1,Research Scientist,3,45811,3-6 LPA,3,Y,No,3,3,14,3,7
VK4410,34,26-35,Yes,Human Resources,1,590,2,Female,3,3,Human Resources,1,37208,3-6 LPA,9,Y,Yes,3,3,11,3,3
VK4630,34,26-35,No,Sales,1,621,4,Male,4,2,Sales Executive,4,21150,0-3 LPA,1,Y,No,3,4,10,3,10
VK4820,34,26-35,No,Administration,1,649,2,Male,2,1,Research Scientist,4,72180,6-10 LPA,1,Y,Yes,3,4,6,3,6
VK4950,34,26-35,No,Sales,1,666,3,Female,3,1,Sales Representative,3,44286,3-6 LPA,1,Y,Yes,3,4,8,3,8
VK5040,34,26-35,No,Administration,1,683,2,Male,3,1,Research Scientist,4,69450,6-10 LPA,1,Y,No,3,4,10,2,10
VK5250,34,26-35,No,Administration,1,717,4,Female,2,3,Healthcare Representative,2,22352,0-3 LPA,1,Y,No,3,2,9,4,8
VK5500,34,26-35,No,Administration,1,757,2,Female,3,2,Healthcare Representative,3,56069,6-10 LPA,3,Y,No,3,4,10,3,5
VK5610,34,26-35,No,Administration,1,775,2,Female,3,2,Manufacturing Director,1,15397,0-3 LPA,3,Y,No,3,3,7,3,0
VK5680,34,26-35,No,Sales,1,786,4,Male,3,2,Sales Executive,4,42555,3-6 LPA,1,Y,No,4,3,6,3,6
VK5750,34,26-35,No,Administration,1,797,2,Female,4,1,Research Scientist,4,47959,3-6 LPA,2,Y,No,3,3,10,3,4
VK5800,34,26-35,No,Administration,1,804,3,Female,2,1,Research Scientist,1,1728,0-3 LPA,1,Y,No,3,3,6,3,6
VK5840,34,26-35,No,Sales,1,808,3,Female,3,2,Sales Executive,1,51517,6-10 LPA,5,Y,No,3,2,6,3,3
VK6070,34,26-35,No,Administration,1,838,3,Female,2,1,Research Scientist,4,67234,6-10 LPA,1,Y,No,3,3,6,3,5
VK6140,34,26-35,No,Finance,1,847,3,Male,3,1,Human Resources,4,40954,3-6 LPA,0,Y,No,3,3,4,1,3
VK6720,34,26-35,No,Administration,1,934,2,Male,3,1,Laboratory Technician,2,48280,3-6 LPA,1,Y,No,3,2,1,3,1
VK7580,34,26-35,No,Sales,1,1047,2,Male,4,2,Sales Executive,4,80459,6-10 LPA,0,Y,No,3,4,16,2,15
VK7640,34,26-35,No,Sales,1,1055,3,Female,3,1,Sales Representative,3,17779,0-3 LPA,1,Y,Yes,3,4,1,3,1
VK7950,34,26-35,No,Administration,1,1103,1,Male,3,2,Healthcare Representative,4,64932,6-10 LPA,0,Y,No,3,3,7,2,6
VK8040,34,26-35,No,Administration,1,1115,3,Male,2,1,Research Scientist,4,73936,6-10 LPA,3,Y,No,3,4,6,3,0
VK8230,34,26-35,No,Administration,1,1140,4,Male,3,2,Manufacturing Director,3,25466,3-6 LPA,2,Y,No,3,4,5,2,3
VK8350,34,26-35,No,Sales,1,1163,2,Female,3,2,Sales Executive,3,37939,3-6 LPA,1,Y,No,4,1,6,2,6
VK8480,34,26-35,No,Administration,1,1184,4,Male,2,2,Healthcare Representative,1,70896,6-10 LPA,0,Y,No,4,3,14,3,13
VK9070,34,26-35,No,Administration,1,1265,3,Female,4,1,Research Scientist,3,36270,3-6 LPA,0,Y,No,3,4,2,2,1
VK9180,34,26-35,No,Sales,1,1281,3,Female,3,2,Sales Executive,1,60163,6-10 LPA,0,Y,Yes,3,4,4,3,3
VK9210,34,26-35,No,Administration,1,1285,3,Female,3,2,Laboratory Technician,2,83637,10+ LPA,4,Y,No,3,3,15,4,11
VK9240,34,26-35,No,Human Resources,1,1289,3,Male,2,2,Human Resources,2,52934,6-10 LPA,4,Y,No,3,4,14,4,10
VK9590,34,26-35,No,Administration,1,1344,4,Male,3,3,Healthcare Representative,4,65895,6-10 LPA,0,Y,No,3,4,10,2,9
VK9650,34,26-35,No,Sales,1,1356,3,Female,3,2,Sales Executive,1,33307,3-6 LPA,1,Y,No,3,4,10,4,10
VK9780,34,26-35,No,Administration,1,1374,1,Female,2,1,Research Scientist,3,55098,6-10 LPA,1,Y,No,4,3,5,3,5
VK9800,34,26-35,No,Administration,1,1377,2,Male,3,2,Laboratory Technician,3,61921,6-10 LPA,4,Y,No,3,1,10,3,8
VK9840,34,26-35,No,Administration,1,1383,3,Female,3,2,Healthcare Representative,4,6486,0-3 LPA,1,Y,No,3,4,14,4,14
VK10160,34,26-35,No,Administration,1,1431,4,Male,3,1,Research Scientist,1,9335,0-3 LPA,5,Y,No,3,3,10,3,4
VK10280,34,26-35,No,Administration,1,1447,4,Female,2,1,Laboratory Technician,2,87900,10+ LPA,5,Y,No,3,1,7,2,5
VK10400,34,26-35,Yes,Finance,1,1467,1,Female,3,1,Human Resources,3,90112,10+ LPA,1,Y,No,3,4,2,3,2
VK10490,34,26-35,No,Sales,1,1478,4,Male,1,2,Sales Executive,1,98203,10+ LPA,3,Y,No,3,4,15,3,13
VK10560,34,26-35,No,Administration,1,1485,2,Male,3,4,Research Director,1,12130,0-3 LPA,7,Y,No,3,4,16,2,14
VK10590,34,26-35,Yes,Sales,1,1489,1,Female,2,2,Sales Executive,2,88508,10+ LPA,0,Y,Yes,4,3,16,4,15
VK10850,34,26-35,No,Sales,1,1535,4,Male,2,3,Sales Executive,3,61566,6-10 LPA,1,Y,Yes,3,4,10,3,10
VK10880,34,26-35,No,Sales,1,1541,2,Male,3,1,Sales Representative,3,67703,6-10 LPA,0,Y,Yes,4,2,12,3,11
VK11160,34,26-35,No,Administration,1,1577,1,Male,3,1,Research Scientist,4,28192,3-6 LPA,1,Y,No,3,3,1,1,1
VK11180,34,26-35,No,Administration,1,1580,2,Male,3,2,Research Scientist,4,2062,0-3 LPA,9,Y,No,3,2,9,2,2
VK11320,34,26-35,No,Administration,1,1597,4,Male,2,2,Healthcare Representative,3,85076,10+ LPA,1,Y,No,3,2,8,2,8
VK11320,34,26-35,No,Administration,1,1597,4,Male,2,2,Healthcare Representative,3,85076,10+ LPA,1,Y,No,3,2,8,2,8
VK11800,34,26-35,No,Administration,1,1658,4,Female,3,2,Research Scientist,2,22545,0-3 LPA,1,Y,No,3,3,11,3,11
VK12090,34,26-35,No,Administration,1,1696,2,Male,2,2,Laboratory Technician,4,22689,0-3 LPA,1,Y,No,3,3,15,4,15
VK12130,34,26-35,No,Administration,1,1701,2,Female,2,1,Research Scientist,4,12174,0-3 LPA,1,Y,No,3,2,10,3,10
VK12530,34,26-35,No,Administration,1,1755,4,Male,4,1,Research Scientist,4,89461,10+ LPA,0,Y,Yes,3,1,6,3,5
VK12680,34,26-35,No,Marketing,1,1774,4,Male,3,2,Sales Executive,3,10348,0-3 LPA,1,Y,Yes,3,3,15,3,15
VK12710,34,26-35,No,Marketing,1,1779,4,Female,1,2,Sales Executive,4,24714,0-3 LPA,5,Y,No,3,1,6,3,2
VK12910,34,26-35,Yes,Administration,1,1807,4,Male,3,2,Laboratory Technician,1,39102,3-6 LPA,4,Y,No,3,3,11,2,7
VK13010,34,26-35,No,Marketing,1,1823,2,Male,4,2,Sales Executive,3,75460,6-10 LPA,1,Y,No,4,3,10,3,10
VK13430,34,26-35,No,Marketing,1,1882,3,Male,3,3,Sales Executive,4,90930,10+ LPA,2,Y,Yes,3,4,9,3,5
VK13540,34,26-35,Yes,Administration,1,1905,4,Male,1,1,Research Scientist,1,7801,0-3 LPA,1,Y,Yes,4,2,5,3,5
VK13600,34,26-35,No,Marketing,1,1915,4,Female,2,2,Sales Executive,4,73267,6-10 LPA,3,Y,Yes,3,3,9,2,4
VK13690,34,26-35,No,Administration,1,1932,3,Male,2,2,Research Scientist,4,49136,3-6 LPA,1,Y,Yes,3,2,16,3,15
VK13850,34,26-35,No,Marketing,1,1950,1,Male,3,3,Sales Executive,4,24625,0-3 LPA,1,Y,No,4,1,14,2,14
VK13860,34,26-35,No,Marketing,1,1951,4,Male,3,3,Sales Executive,3,83873,10+ LPA,1,Y,No,3,3,9,2,8
VK14470,34,26-35,No,Marketing,1,2035,4,Female,2,2,Sales Executive,3,73592,6-10 LPA,1,Y,No,4,4,8,3,8
VK14700,34,26-35,No,Administration,1,2068,2,Male,4,2,Laboratory Technician,3,78052,6-10 LPA,2,Y,No,3,1,6,4,4
VK14700,34,26-35,No,Administration,1,2068,2,Male,4,2,Laboratory Technician,3,45261,3-6 LPA,2,Y,No,3,1,6,4,4
VK0110,35,26-35,No,Administration,1,14,1,Male,4,1,Laboratory Technician,2,2542,0-3 LPA,0,Y,No,3,3,6,3,5
VK0380,35,26-35,No,Marketing,1,49,4,Female,3,1,Sales Representative,4,22677,0-3 LPA,1,Y,No,3,1,2,3,2
VK0410,35,26-35,No,Administration,1,53,3,Male,3,1,Laboratory Technician,4,47732,3-6 LPA,1,Y,No,3,3,1,3,1
VK0500,35,26-35,No,Administration,1,63,4,Male,4,1,Laboratory Technician,4,51343,6-10 LPA,1,Y,No,3,4,1,3,1
VK0540,35,26-35,No,Administration,1,70,3,Male,2,3,Healthcare Representative,1,40081,3-6 LPA,2,Y,Yes,3,3,10,3,4
VK0570,35,26-35,No,Marketing,1,74,2,Male,3,3,Sales Executive,1,63856,6-10 LPA,1,Y,No,4,4,9,2,9
VK0580,35,26-35,No,Administration,1,75,3,Female,3,1,Laboratory Technician,1,94105,10+ LPA,3,Y,Yes,3,3,4,3,2
VK0690,35,26-35,No,Administration,1,88,2,Male,3,1,Research Scientist,1,89858,10+ LPA,4,Y,No,3,4,5,2,3
VK0770,35,26-35,No,Marketing,1,100,3,Male,2,2,Sales Executive,1,20065,0-3 LPA,0,Y,No,3,2,16,3,15
VK0820,35,26-35,No,Administration,1,105,2,Male,2,1,Research Scientist,3,84460,10+ LPA,1,Y,No,3,1,6,3,6
VK1520,35,26-35,No,Marketing,1,204,3,Male,3,3,Sales Executive,2,89092,10+ LPA,1,Y,No,3,1,10,3,10
VK1930,35,26-35,Yes,Administration,1,261,2,Male,2,2,Manufacturing Director,3,55693,6-10 LPA,3,Y,Yes,3,1,8,3,1
VK1970,35,26-35,No,Operations,1,269,2,Female,3,2,Laboratory Technician,2,27962,3-6 LPA,5,Y,No,3,4,10,3,6
VK2290,35,26-35,No,Marketing,1,314,3,Female,3,3,Sales Executive,3,29295,3-6 LPA,1,Y,No,3,1,10,4,10
VK2770,35,26-35,No,Operations,1,381,2,Female,4,3,Manager,2,14807,0-3 LPA,7,Y,No,3,2,10,2,7
VK2980,35,26-35,No,Marketing,1,406,3,Male,3,3,Sales Executive,2,43348,3-6 LPA,0,Y,No,3,3,12,2,11
VK3450,35,26-35,No,Operations,1,464,3,Male,3,3,Manufacturing Director,2,27432,3-6 LPA,0,Y,No,3,4,17,3,16
VK3730,35,26-35,No,Operations,1,496,3,Male,2,2,Healthcare Representative,2,84285,10+ LPA,9,Y,No,3,3,10,3,1
VK4310,35,26-35,No,Operations,1,577,4,Male,1,1,Laboratory Technician,3,92792,10+ LPA,0,Y,No,3,3,6,3,5
VK4390,35,26-35,No,Operations,1,586,4,Male,3,3,Healthcare Representative,3,58854,6-10 LPA,4,Y,Yes,3,3,10,3,8
VK4480,35,26-35,No,Marketing,1,600,2,Male,3,2,Sales Executive,3,41262,3-6 LPA,9,Y,No,3,3,15,3,11
VK4620,35,26-35,No,Marketing,1,620,1,Female,3,2,Sales Executive,3,38080,3-6 LPA,1,Y,No,3,4,5,3,5
VK4840,35,26-35,No,Operations,1,652,1,Male,2,2,Laboratory Technician,4,2324,0-3 LPA,4,Y,No,3,4,9,3,3
VK5090,35,26-35,No,Operations,1,691,2,Male,1,2,Research Scientist,4,92267,10+ LPA,1,Y,No,3,2,17,3,17
VK5160,35,26-35,No,Operations,1,704,3,Male,2,1,Laboratory Technician,3,36909,3-6 LPA,1,Y,No,3,3,1,3,1
VK5580,35,26-35,No,Operations,1,771,4,Female,3,2,Healthcare Representative,1,90339,10+ LPA,2,Y,No,3,1,16,4,1
VK5810,35,26-35,No,Marketing,1,805,1,Female,3,1,Sales Representative,4,20870,0-3 LPA,1,Y,No,3,2,3,2,3
VK5970,35,26-35,No,Operations,1,826,4,Female,4,1,Research Scientist,3,35578,3-6 LPA,3,Y,No,3,3,7,3,2
VK6120,35,26-35,No,Operations,1,845,3,Male,3,3,Manufacturing Director,3,73124,6-10 LPA,3,Y,No,4,2,17,4,8
VK6210,35,26-35,No,Operations,1,856,3,Female,2,1,Research Scientist,1,27790,3-6 LPA,1,Y,No,3,4,6,2,6
VK6360,35,26-35,No,Operations,1,880,4,Female,2,3,Manufacturing Director,3,26289,3-6 LPA,1,Y,Yes,4,2,17,3,17
VK6370,35,26-35,Yes,Operations,1,881,4,Female,3,1,Research Scientist,2,56129,6-10 LPA,1,Y,Yes,3,1,10,2,10
VK6480,35,26-35,No,Operations,1,899,4,Male,2,3,Manufacturing Director,2,94714,10+ LPA,3,Y,No,3,1,16,3,13
VK6770,35,26-35,No,Operations,1,942,4,Female,3,2,Healthcare Representative,4,95246,10+ LPA,1,Y,Yes,4,4,10,1,10
VK6990,35,26-35,No,Marketing,1,975,3,Female,3,2,Sales Executive,3,16485,0-3 LPA,1,Y,No,3,2,5,3,5
VK7050,35,26-35,No,Marketing,1,984,4,Male,3,3,Sales Executive,4,45482,3-6 LPA,6,Y,No,3,2,12,3,10
VK7260,35,26-35,Yes,Operations,1,1010,3,Male,2,1,Laboratory Technician,2,87188,10+ LPA,1,Y,Yes,4,4,5,1,4
VK7300,35,26-35,No,Operations,1,1014,3,Female,3,3,Healthcare Representative,3,5748,0-3 LPA,1,Y,Yes,3,3,16,2,16
VK7410,35,26-35,No,Operations,1,1028,2,Male,3,1,Laboratory Technician,4,87769,10+ LPA,1,Y,No,4,1,3,2,3
VK7920,35,26-35,Yes,Marketing,1,1100,4,Male,3,3,Sales Executive,1,10435,0-3 LPA,0,Y,Yes,4,1,9,3,8
VK8210,35,26-35,No,Marketing,1,1137,4,Male,3,2,Sales Executive,4,4709,0-3 LPA,1,Y,No,3,4,5,3,5
VK8360,35,26-35,No,Finance,1,1164,3,Male,3,1,Human Resources,3,31355,3-6 LPA,1,Y,No,3,2,6,1,5
VK8410,35,26-35,No,Operations,1,1172,4,Male,2,1,Laboratory Technician,3,56771,6-10 LPA,6,Y,No,3,2,10,3,8
VK8470,35,26-35,No,Operations,1,1182,3,Male,2,3,Manufacturing Director,2,58799,6-10 LPA,2,Y,No,3,2,15,4,7
VK8490,35,26-35,No,Operations,1,1185,4,Male,2,1,Laboratory Technician,4,14116,0-3 LPA,1,Y,No,3,2,2,4,2
VK8710,35,26-35,No,Marketing,1,1218,3,Male,3,2,Sales Executive,1,26470,3-6 LPA,3,Y,Yes,3,4,15,3,7
VK8890,35,26-35,No,Marketing,1,1243,3,Female,2,3,Sales Executive,4,43344,3-6 LPA,4,Y,Yes,3,2,16,2,13
VK9250,35,26-35,No,Operations,1,1291,3,Male,3,1,Research Scientist,3,43918,3-6 LPA,0,Y,Yes,3,4,4,3,3
VK9620,35,26-35,No,Operations,1,1350,3,Male,3,2,Research Scientist,3,53224,6-10 LPA,1,Y,Yes,3,2,9,3,9
VK9740,35,26-35,No,Operations,1,1369,4,Female,2,2,Laboratory Technician,4,40298,3-6 LPA,0,Y,No,3,2,10,3,9
VK9820,35,26-35,Yes,Marketing,1,1380,4,Female,3,2,Sales Executive,3,81219,6-10 LPA,0,Y,Yes,3,3,5,2,4
VK10030,35,26-35,No,Operations,1,1412,3,Male,3,3,Manufacturing Director,4,62629,6-10 LPA,2,Y,No,3,3,10,3,2
VK10600,35,26-35,No,Marketing,1,1492,4,Male,3,1,Sales Representative,3,67040,6-10 LPA,1,Y,No,3,1,1,3,1
VK10820,35,26-35,No,Operations,1,1529,4,Female,2,3,Healthcare Representative,2,29016,3-6 LPA,1,Y,No,3,4,11,1,11
VK11010,35,26-35,No,Marketing,1,1554,2,Female,2,1,Sales Representative,3,24960,0-3 LPA,0,Y,No,4,1,6,3,5
VK11090,35,26-35,No,Operations,1,1564,4,Male,2,1,Laboratory Technician,1,34591,3-6 LPA,1,Y,No,3,2,3,3,3
VK11110,35,26-35,Yes,Operations,1,1569,1,Female,3,1,Laboratory Technician,1,83848,10+ LPA,1,Y,Yes,3,4,1,3,1
VK11240,35,26-35,No,Operations,1,1587,1,Female,3,2,Healthcare Representative,3,68641,6-10 LPA,3,Y,Yes,3,3,10,3,5
VK11310,35,26-35,No,Operations,1,1596,2,Male,4,2,Laboratory Technician,3,37395,3-6 LPA,1,Y,No,3,4,10,2,10
VK11350,35,26-35,No,Operations,1,1601,3,Male,2,1,Laboratory Technician,4,23700,0-3 LPA,1,Y,No,3,4,1,2,1
VK11510,35,26-35,No,Operations,1,1621,2,Male,4,2,Research Scientist,1,35620,3-6 LPA,1,Y,No,3,4,16,3,16
VK11580,35,26-35,No,Operations,1,1630,3,Female,3,2,Healthcare Representative,3,21559,0-3 LPA,1,Y,No,3,4,15,3,14
VK11630,35,26-35,Yes,Marketing,1,1639,4,Male,2,3,Sales Executive,1,94045,10+ LPA,9,Y,No,3,3,15,3,13
VK11680,35,26-35,Yes,Marketing,1,1645,1,Male,1,2,Sales Executive,4,94396,10+ LPA,6,Y,Yes,3,4,7,2,2
VK11870,35,26-35,Yes,Marketing,1,1667,4,Male,3,2,Sales Executive,4,62642,6-10 LPA,3,Y,Yes,4,1,13,4,11
VK12160,35,26-35,No,Operations,1,1704,1,Male,2,1,Research Scientist,4,77539,6-10 LPA,0,Y,Yes,3,3,6,4,5
VK12330,35,26-35,No,Operations,1,1728,4,Male,3,2,Manufacturing Director,3,22732,0-3 LPA,2,Y,No,3,2,17,3,7
VK12820,35,26-35,Yes,Marketing,1,1797,3,Male,3,2,Sales Executive,4,92362,10+ LPA,1,Y,Yes,3,4,10,3,10
VK12890,35,26-35,No,Operations,1,1804,2,Male,3,2,Manufacturing Director,4,31354,3-6 LPA,2,Y,No,3,3,15,3,7
VK13030,35,26-35,No,Operations,1,1826,2,Male,1,1,Laboratory Technician,3,14843,0-3 LPA,0,Y,No,3,2,6,4,5
VK13460,35,26-35,No,Operations,1,1886,4,Female,2,2,Manufacturing Director,2,72726,6-10 LPA,0,Y,Yes,3,4,4,3,3
VK13810,35,26-35,No,Marketing,1,1945,2,Male,3,2,Sales Executive,1,18640,0-3 LPA,0,Y,No,3,4,6,1,5
VK13930,35,26-35,No,Marketing,1,1962,3,Female,3,2,Sales Executive,4,53528,6-10 LPA,1,Y,Yes,3,4,10,3,10
VK14230,35,26-35,No,Operations,1,2003,4,Male,3,1,Laboratory Technician,3,39413,3-6 LPA,7,Y,Yes,3,3,5,3,2
VK14250,35,26-35,No,Operations,1,2008,2,Male,3,2,Research Scientist,3,53638,6-10 LPA,1,Y,No,3,2,10,3,10
VK14510,35,26-35,No,Finance,1,2040,3,Female,3,3,Human Resources,4,53736,6-10 LPA,1,Y,Yes,3,3,9,3,9
VK14570,35,26-35,No,Operations,1,2049,3,Male,3,2,Healthcare Representative,3,69866,6-10 LPA,1,Y,Yes,3,4,10,4,10
VK14590,35,26-35,No,Operations,1,2052,3,Female,1,1,Research Scientist,4,20087,0-3 LPA,1,Y,No,3,4,4,3,4
VK0100,36,36-45,No,Operations,1,13,3,Male,3,2,Healthcare Representative,3,42430,3-6 LPA,6,Y,No,3,2,17,2,7
VK0220,36,36-45,Yes,Marketing,1,27,3,Male,2,1,Sales Representative,1,25504,3-6 LPA,7,Y,No,4,2,10,3,5
VK0390,36,36-45,No,Operations,1,51,2,Female,2,1,Research Scientist,1,8114,0-3 LPA,9,Y,Yes,3,4,6,4,1
VK0650,36,36-45,No,Operations,1,83,3,Female,3,3,Healthcare Representative,3,79859,6-10 LPA,1,Y,No,3,2,17,3,17
VK0670,36,36-45,No,Operations,1,85,2,Male,2,2,Manufacturing Director,2,11975,0-3 LPA,1,Y,No,3,3,6,3,6
VK0700,36,36-45,Yes,Operations,1,90,4,Male,2,1,Research Scientist,3,12023,0-3 LPA,0,Y,Yes,3,1,2,2,1
VK0750,36,36-45,No,Operations,1,97,2,Female,4,1,Laboratory Technician,4,22447,0-3 LPA,3,Y,No,3,2,5,3,1
VK1180,36,36-45,No,Marketing,1,154,2,Female,3,3,Sales Executive,4,91469,10+ LPA,0,Y,No,3,3,10,3,9
VK1190,36,36-45,No,Operations,1,155,1,Female,3,1,Laboratory Technician,4,24959,0-3 LPA,5,Y,No,4,1,7,3,1
VK1360,36,36-45,No,Operations,1,178,2,Male,3,2,Manufacturing Director,2,67203,6-10 LPA,6,Y,No,4,4,7,3,3
VK1730,36,36-45,No,Operations,1,238,4,Male,3,1,Laboratory Technician,2,30703,3-6 LPA,4,Y,No,3,3,13,2,8
VK2080,36,36-45,No,Operations,1,286,2,Female,3,1,Laboratory Technician,4,10337,0-3 LPA,1,Y,No,3,1,8,3,8
VK2210,36,36-45,No,Operations,1,304,4,Male,3,2,Laboratory Technician,2,47427,3-6 LPA,8,Y,No,3,4,16,4,13
VK2700,36,36-45,No,Operations,1,373,4,Male,3,1,Laboratory Technician,4,62529,6-10 LPA,0,Y,No,3,3,16,3,15
VK2920,36,36-45,No,Operations,1,397,3,Male,3,2,Research Scientist,2,85665,10+ LPA,4,Y,No,3,4,10,3,8
VK2990,36,36-45,No,Operations,1,407,3,Male,4,1,Laboratory Technician,4,32921,3-6 LPA,4,Y,No,3,4,4,3,1
VK3060,36,36-45,No,Operations,1,419,2,Female,3,2,Laboratory Technician,2,34307,3-6 LPA,7,Y,No,3,3,11,3,9
VK3590,36,36-45,No,Marketing,1,479,4,Female,3,2,Sales Executive,4,28355,3-6 LPA,4,Y,No,3,2,7,3,1
VK3600,36,36-45,No,Marketing,1,481,1,Male,2,3,Sales Executive,4,5835,0-3 LPA,4,Y,No,3,1,16,3,13
VK3780,36,36-45,No,Operations,1,501,4,Female,3,1,Research Scientist,3,21159,0-3 LPA,4,Y,No,3,2,6,3,2
VK3850,36,36-45,No,Marketing,1,513,2,Male,2,3,Sales Executive,3,48605,3-6 LPA,1,Y,No,3,2,10,3,10
VK4430,36,36-45,No,Marketing,1,592,2,Male,3,3,Sales Executive,4,39088,3-6 LPA,1,Y,No,3,4,10,2,10
VK5120,36,36-45,No,Operations,1,699,2,Male,2,2,Manufacturing Director,2,79752,6-10 LPA,2,Y,Yes,3,3,13,3,3
VK5420,36,36-45,No,Operations,1,742,1,Female,4,3,Research Director,1,56284,6-10 LPA,9,Y,No,3,1,10,3,8
VK5700,36,36-45,No,Marketing,1,789,1,Male,2,3,Sales Executive,1,58043,6-10 LPA,1,Y,No,3,2,10,3,10
VK5940,36,36-45,No,Operations,1,823,3,Female,3,2,Manufacturing Director,2,36547,3-6 LPA,0,Y,No,3,1,10,3,9
VK6000,36,36-45,No,Finance,1,829,3,Male,3,1,Human Resources,2,98007,10+ LPA,4,Y,No,3,2,8,3,5
VK6220,36,36-45,No,Marketing,1,857,2,Male,3,2,Sales Executive,4,83844,10+ LPA,1,Y,Yes,3,4,18,2,18
VK6340,36,36-45,No,Finance,1,878,1,Male,2,1,Human Resources,1,28532,3-6 LPA,0,Y,No,4,3,6,3,5
VK6650,36,36-45,No,Operations,1,924,3,Male,3,2,Healthcare Representative,4,35349,3-6 LPA,0,Y,Yes,3,1,17,2,16
VK6810,36,36-45,No,Operations,1,949,2,Male,3,1,Research Scientist,4,46445,3-6 LPA,2,Y,No,3,3,8,3,6
VK6880,36,36-45,No,Operations,1,958,3,Male,3,1,Laboratory Technician,3,6713,0-3 LPA,4,Y,No,4,3,16,3,11
VK6940,36,36-45,Yes,Marketing,1,967,3,Male,2,3,Sales Executive,4,57178,6-10 LPA,1,Y,Yes,3,1,16,3,16
VK7090,36,36-45,No,Marketing,1,990,1,Male,3,2,Sales Executive,4,50407,6-10 LPA,4,Y,No,3,4,12,3,7
VK7530,36,36-45,Yes,Operations,1,1042,3,Female,4,1,Laboratory Technician,1,71340,6-10 LPA,1,Y,No,3,3,18,3,17
VK7620,36,36-45,Yes,Operations,1,1052,1,Male,3,2,Laboratory Technician,3,51990,6-10 LPA,7,Y,No,3,2,9,2,1
VK7740,36,36-45,No,Operations,1,1073,4,Female,2,3,Manufacturing Director,4,76672,6-10 LPA,0,Y,No,3,2,15,2,14
VK8180,36,36-45,No,Operations,1,1133,1,Male,3,2,Manufacturing Director,4,66545,6-10 LPA,2,Y,No,4,1,18,3,11
VK8740,36,36-45,No,Operations,1,1221,3,Male,1,1,Laboratory Technician,3,85791,10+ LPA,1,Y,No,3,3,7,3,7
VK8830,36,36-45,No,Operations,1,1237,3,Female,1,3,Manufacturing Director,1,59141,6-10 LPA,2,Y,Yes,4,3,17,3,7
VK9010,36,36-45,No,Operations,1,1257,3,Male,3,1,Research Scientist,2,24793,0-3 LPA,1,Y,No,3,3,12,2,11
VK9280,36,36-45,No,Operations,1,1294,3,Female,3,2,Manufacturing Director,2,57570,6-10 LPA,9,Y,Yes,3,4,18,3,16
VK9430,36,36-45,No,Operations,1,1312,4,Female,3,3,Healthcare Representative,3,96084,10+ LPA,3,Y,No,3,1,10,3,7
VK9690,36,36-45,No,Marketing,1,1362,1,Female,4,2,Sales Executive,1,38892,3-6 LPA,2,Y,No,3,4,17,2,15
VK10120,36,36-45,No,Marketing,1,1425,1,Female,3,2,Sales Executive,2,2015,0-3 LPA,3,Y,Yes,3,4,15,3,5
VK10190,36,36-45,No,Operations,1,1435,1,Male,2,2,Laboratory Technician,4,62813,6-10 LPA,1,Y,No,3,3,10,2,10
VK10200,36,36-45,No,Marketing,1,1436,3,Female,2,2,Sales Executive,1,28712,3-6 LPA,4,Y,No,3,1,11,2,3
VK11030,36,36-45,No,Marketing,1,1556,3,Male,3,1,Sales Representative,4,9415,0-3 LPA,3,Y,Yes,4,4,7,2,3
VK11220,36,36-45,No,Marketing,1,1585,2,Female,3,2,Sales Executive,3,63292,6-10 LPA,6,Y,No,3,1,15,3,1
VK11290,36,36-45,No,Operations,1,1594,1,Male,4,2,Laboratory Technician,1,24833,0-3 LPA,3,Y,Yes,3,4,9,3,3
VK11460,36,36-45,No,Operations,1,1614,3,Female,3,2,Manufacturing Director,3,5158,0-3 LPA,9,Y,Yes,3,2,7,3,3
VK11740,36,36-45,No,Operations,1,1651,2,Female,3,3,Healthcare Representative,1,63680,6-10 LPA,4,Y,No,3,3,9,3,3
VK11810,36,36-45,No,Operations,1,1659,1,Male,3,1,Laboratory Technician,2,21309,0-3 LPA,2,Y,No,3,3,15,3,4
VK11830,36,36-45,No,Operations,1,1662,4,Female,2,2,Manufacturing Director,3,7970,0-3 LPA,0,Y,No,3,3,4,3,3
VK11840,36,36-45,No,Operations,1,1664,4,Male,4,2,Healthcare Representative,1,73474,6-10 LPA,6,Y,No,4,1,13,3,5
VK12000,36,36-45,No,Operations,1,1682,1,Male,3,2,Healthcare Representative,3,87704,10+ LPA,6,Y,No,3,2,10,2,3
VK12210,36,36-45,No,Marketing,1,1710,3,Female,3,2,Sales Representative,4,47540,3-6 LPA,3,Y,No,3,3,17,2,13
VK12370,36,36-45,Yes,Marketing,1,1733,2,Male,2,2,Sales Executive,1,21384,0-3 LPA,5,Y,Yes,3,2,16,3,2
VK12790,36,36-45,No,Operations,1,1790,4,Male,3,3,Healthcare Representative,1,19017,0-3 LPA,7,Y,Yes,3,4,15,3,12
VK13160,36,36-45,No,Operations,1,1847,4,Female,3,2,Research Scientist,2,76880,6-10 LPA,4,Y,Yes,4,4,15,3,1
VK13410,36,36-45,No,Marketing,1,1880,2,Female,2,2,Sales Executive,3,9702,0-3 LPA,1,Y,Yes,3,1,10,3,10
VK13480,36,36-45,No,Human Resources,1,1890,2,Male,2,2,Human Resources,4,1384,0-3 LPA,1,Y,No,4,4,10,2,10
VK13560,36,36-45,No,Marketing,1,1908,3,Male,2,2,Sales Executive,2,1404,0-3 LPA,2,Y,No,3,3,12,1,4
VK13840,36,36-45,No,Operations,1,1949,1,Male,4,1,Laboratory Technician,2,41943,3-6 LPA,1,Y,No,4,2,5,3,5
VK14400,36,36-45,No,Marketing,1,2024,1,Female,2,3,Sales Executive,4,48926,3-6 LPA,0,Y,No,3,3,10,3,9
VK14410,36,36-45,No,Operations,1,2025,4,Female,3,2,Manufacturing Director,2,30189,3-6 LPA,7,Y,No,3,2,18,3,4
VK14480,36,36-45,No,Marketing,1,2036,4,Male,1,2,Sales Executive,4,13763,0-3 LPA,1,Y,No,4,1,15,2,15
VK14540,36,36-45,No,Marketing,1,2045,2,Female,2,2,Sales Executive,4,19384,0-3 LPA,4,Y,No,3,1,8,2,6
VK14660,36,36-45,No,Operations,1,2061,3,Male,4,2,Laboratory Technician,4,61100,6-10 LPA,4,Y,No,3,3,17,3,5
VK14660,36,36-45,No,Operations,1,2061,3,Male,4,2,Laboratory Technician,4,99142,10+ LPA,4,Y,No,3,3,17,3,5
VK0030,37,36-45,Yes,Operations,1,4,4,Male,2,1,Laboratory Technician,3,10860,0-3 LPA,6,Y,Yes,3,2,7,3,0
VK0480,37,36-45,No,Operations,1,61,2,Male,3,1,Research Scientist,2,81642,6-10 LPA,4,Y,No,4,1,8,3,1
VK0600,37,36-45,No,Operations,1,77,1,Male,2,2,Manufacturing Director,3,51612,6-10 LPA,1,Y,No,3,3,7,4,7
VK0790,37,36-45,No,Operations,1,102,1,Male,3,3,Research Director,3,24574,0-3 LPA,4,Y,No,3,1,16,4,5
VK1010,37,36-45,Yes,Finance,1,133,3,Male,3,1,Human Resources,1,24524,0-3 LPA,4,Y,Yes,4,4,7,3,3
VK1050,37,36-45,No,Operations,1,139,3,Male,2,2,Healthcare Representative,4,70172,6-10 LPA,5,Y,No,3,4,17,4,1
VK1160,37,36-45,No,Marketing,1,152,3,Male,3,3,Sales Executive,4,11916,0-3 LPA,2,Y,No,3,1,12,3,5
VK1960,37,36-45,No,Operations,1,267,2,Male,4,1,Research Scientist,1,5809,0-3 LPA,1,Y,Yes,3,1,8,2,8
VK2230,37,36-45,No,Operations,1,306,2,Male,3,3,Research Director,4,33201,3-6 LPA,1,Y,Yes,3,3,10,3,10
VK2270,37,36-45,No,Marketing,1,311,1,Male,3,1,Sales Representative,4,54330,6-10 LPA,4,Y,No,3,3,13,3,9
VK2490,37,36-45,No,Operations,1,340,3,Female,2,1,Research Scientist,1,14456,0-3 LPA,2,Y,No,3,1,17,2,3
VK2510,37,36-45,Yes,Operations,1,342,1,Male,3,3,Manufacturing Director,3,57397,6-10 LPA,6,Y,No,3,2,17,3,1
VK2740,37,36-45,No,Marketing,1,378,3,Male,3,2,Sales Executive,4,39765,3-6 LPA,4,Y,No,3,2,7,4,5
VK2760,37,36-45,No,Operations,1,380,1,Female,3,3,Research Director,4,35816,3-6 LPA,2,Y,Yes,3,1,15,3,5
VK2860,37,36-45,No,Operations,1,391,4,Female,3,1,Research Scientist,4,46106,3-6 LPA,1,Y,No,3,2,17,3,17
VK2950,37,36-45,No,Operations,1,403,2,Male,3,1,Research Scientist,4,54932,6-10 LPA,1,Y,Yes,3,3,4,2,4
VK3410,37,36-45,No,Operations,1,460,4,Male,3,2,Manufacturing Director,4,18100,0-3 LPA,7,Y,No,3,3,8,2,6
VK3540,37,36-45,No,Operations,1,474,3,Male,4,2,Research Scientist,1,58091,6-10 LPA,4,Y,Yes,3,1,13,3,7
VK3650,37,36-45,No,Operations,1,486,3,Female,3,1,Laboratory Technician,1,22949,0-3 LPA,6,Y,No,4,2,17,3,5
VK3870,37,36-45,No,Operations,1,515,4,Female,3,1,Laboratory Technician,1,71080,6-10 LPA,1,Y,No,3,3,18,2,18
VK3900,37,36-45,No,Operations,1,518,3,Male,3,2,Manufacturing Director,2,38744,3-6 LPA,2,Y,Yes,3,4,18,2,1
VK3990,37,36-45,No,Operations,1,529,2,Female,3,2,Research Scientist,3,46543,3-6 LPA,3,Y,Yes,3,1,15,3,13
VK4650,37,36-45,No,Operations,1,623,2,Female,3,3,Manufacturing Director,4,93193,10+ LPA,4,Y,No,3,4,12,4,6
VK4680,37,36-45,No,Marketing,1,626,1,Male,3,3,Sales Executive,2,37187,3-6 LPA,1,Y,No,3,4,9,3,9
VK4730,37,36-45,No,Operations,1,635,2,Female,3,2,Manufacturing Director,2,8239,0-3 LPA,6,Y,No,3,2,8,2,6
VK4870,37,36-45,No,Marketing,1,656,4,Male,3,2,Sales Executive,3,15489,0-3 LPA,4,Y,Yes,3,3,17,2,3
VK5070,37,36-45,No,Operations,1,689,3,Male,3,3,Manufacturing Director,3,59017,6-10 LPA,1,Y,No,3,3,10,3,10
VK5230,37,36-45,No,Operations,1,715,4,Male,4,1,Research Scientist,4,62877,6-10 LPA,3,Y,No,3,1,4,3,1
VK5780,37,36-45,No,Operations,1,802,4,Female,3,1,Research Scientist,1,44125,3-6 LPA,0,Y,Yes,3,2,6,2,5
VK6290,37,36-45,No,Marketing,1,868,4,Male,2,2,Sales Executive,3,50922,6-10 LPA,4,Y,No,3,4,9,3,1
VK6490,37,36-45,No,Marketing,1,900,3,Female,3,1,Sales Representative,4,95074,10+ LPA,5,Y,No,3,2,10,3,5
VK6530,37,36-45,No,Marketing,1,904,1,Male,3,3,Sales Executive,2,33049,3-6 LPA,1,Y,Yes,3,4,10,3,10
VK6960,37,36-45,Yes,Marketing,1,970,1,Male,2,3,Sales Executive,3,38131,3-6 LPA,5,Y,No,3,3,17,1,14
VK7450,37,36-45,Yes,Operations,1,1033,1,Female,1,2,Healthcare Representative,2,43944,3-6 LPA,5,Y,No,3,1,15,1,1
VK7680,37,36-45,No,Operations,1,1062,4,Female,3,2,Healthcare Representative,2,74963,6-10 LPA,3,Y,No,3,1,8,2,4
VK7960,37,36-45,No,Marketing,1,1105,4,Female,2,2,Sales Executive,4,25285,3-6 LPA,2,Y,Yes,3,3,8,3,1
VK8330,37,36-45,No,Operations,1,1161,3,Female,2,2,Healthcare Representative,4,38626,3-6 LPA,7,Y,No,3,3,9,3,6
VK8560,37,36-45,No,Operations,1,1196,4,Female,2,2,Manufacturing Director,4,43808,3-6 LPA,1,Y,No,3,2,14,2,14
VK9900,37,36-45,No,Operations,1,1394,3,Male,3,1,Research Scientist,3,89464,10+ LPA,7,Y,Yes,3,4,8,3,6
VK10020,37,36-45,No,Operations,1,1411,1,Female,3,1,Laboratory Technician,3,54871,6-10 LPA,4,Y,No,3,1,8,3,3
VK10230,37,36-45,No,Operations,1,1440,3,Male,4,1,Laboratory Technician,3,20198,0-3 LPA,0,Y,No,3,1,7,1,6
VK10900,37,36-45,No,Operations,1,1543,1,Male,3,2,Research Scientist,4,20758,0-3 LPA,1,Y,No,3,1,10,3,10
VK11590,37,36-45,No,Operations,1,1631,3,Male,3,2,Manufacturing Director,3,16254,0-3 LPA,3,Y,No,3,1,9,2,4
VK11640,37,36-45,No,Operations,1,1640,2,Female,3,1,Research Scientist,2,45238,3-6 LPA,1,Y,No,3,1,8,1,8
VK12120,37,36-45,No,Marketing,1,1700,3,Male,1,2,Sales Executive,4,2252,0-3 LPA,1,Y,No,3,3,6,2,6
VK12770,37,36-45,No,Marketing,1,1787,2,Male,2,2,Sales Executive,2,40764,3-6 LPA,1,Y,No,3,1,5,3,5
VK12810,37,36-45,No,Finance,1,1794,3,Male,3,2,Human Resources,2,78709,6-10 LPA,2,Y,No,3,3,19,2,10
VK12920,37,36-45,Yes,Operations,1,1809,4,Male,3,2,Manufacturing Director,1,38441,3-6 LPA,1,Y,No,3,2,10,1,10
VK13450,37,36-45,No,Operations,1,1885,4,Male,3,2,Research Scientist,1,93234,10+ LPA,5,Y,Yes,4,3,16,3,5
VK14330,37,36-45,No,Operations,1,2017,3,Female,4,3,Research Director,4,54682,6-10 LPA,1,Y,Yes,4,1,16,3,16
VK0090,38,36-45,No,Operations,1,12,4,Male,2,3,Manufacturing Director,3,60494,6-10 LPA,0,Y,No,4,2,10,3,9
VK0200,38,36-45,No,Operations,1,24,4,Male,3,1,Research Scientist,4,82317,6-10 LPA,5,Y,Yes,3,3,6,3,3
VK0620,38,36-45,No,Operations,1,79,4,Female,3,2,Laboratory Technician,4,66215,6-10 LPA,1,Y,No,3,4,10,3,10
VK0840,38,36-45,No,Operations,1,107,2,Female,1,2,Research Scientist,4,79587,6-10 LPA,7,Y,Yes,3,4,17,3,13
VK1430,38,36-45,No,Operations,1,193,4,Female,3,2,Research Scientist,3,7949,0-3 LPA,3,Y,Yes,4,2,19,3,3
VK1690,38,36-45,No,Marketing,1,230,1,Female,2,2,Sales Executive,4,56393,6-10 LPA,4,Y,No,4,3,12,4,8
VK1800,38,36-45,No,Operations,1,245,3,Female,3,1,Laboratory Technician,4,74553,6-10 LPA,1,Y,No,3,3,2,3,2
VK1990,38,36-45,No,Operations,1,271,4,Male,3,2,Manufacturing Director,3,7941,0-3 LPA,9,Y,No,3,2,14,3,1
VK2000,38,36-45,No,Operations,1,273,4,Male,3,2,Manufacturing Director,4,26934,3-6 LPA,3,Y,No,3,1,9,1,7
VK2050,38,36-45,Yes,Operations,1,282,2,Male,3,2,Healthcare Representative,1,24386,0-3 LPA,7,Y,Yes,3,2,17,3,1
VK2240,38,36-45,No,IT,1,307,1,Male,3,3,Sales Executive,3,62886,6-10 LPA,0,Y,No,3,3,17,2,16
VK2620,38,36-45,No,IT,1,361,4,Male,2,2,Sales Executive,4,76745,6-10 LPA,3,Y,No,3,4,13,3,8
VK2780,38,36-45,No,IT,1,382,1,Female,4,2,Sales Executive,1,84251,10+ LPA,1,Y,Yes,4,3,8,3,8
VK2880,38,36-45,No,Operations,1,393,4,Male,3,2,Healthcare Representative,4,95456,10+ LPA,9,Y,No,3,2,10,3,2
VK3080,38,36-45,No,Operations,1,421,1,Female,2,3,Research Director,2,54413,6-10 LPA,3,Y,No,3,3,19,3,10
VK3420,38,36-45,No,Operations,1,461,3,Male,2,3,Research Director,4,57800,6-10 LPA,0,Y,Yes,3,2,12,3,11
VK4170,38,36-45,No,Operations,1,556,4,Male,3,1,Laboratory Technician,4,98239,10+ LPA,1,Y,Yes,4,3,1,3,1
VK4720,38,36-45,No,Operations,1,634,3,Female,3,2,Healthcare Representative,3,43318,3-6 LPA,3,Y,No,3,3,18,3,1
VK4910,38,36-45,No,Operations,1,662,3,Female,3,1,Research Scientist,1,71173,6-10 LPA,3,Y,No,3,4,8,2,0
VK5190,38,36-45,No,IT,1,709,4,Female,2,2,Sales Executive,4,71390,6-10 LPA,0,Y,No,4,1,8,3,7
VK5300,38,36-45,No,Operations,1,724,2,Female,4,2,Healthcare Representative,4,53329,6-10 LPA,0,Y,No,3,3,10,2,9
VK5430,38,36-45,No,Operations,1,743,3,Female,3,3,Manufacturing Director,3,44088,3-6 LPA,4,Y,Yes,3,4,10,4,1
VK5600,38,36-45,No,Operations,1,773,4,Male,3,1,Research Scientist,3,40811,3-6 LPA,6,Y,Yes,3,2,6,1,1
VK5790,38,36-45,No,Operations,1,803,1,Female,4,2,Manufacturing Director,1,56479,6-10 LPA,6,Y,Yes,3,4,17,3,15
VK6060,38,36-45,No,Operations,1,837,1,Male,2,2,Healthcare Representative,1,86392,10+ LPA,2,Y,No,3,3,13,2,4
VK6430,38,36-45,No,IT,1,893,2,Male,2,1,Sales Representative,2,88369,10+ LPA,0,Y,No,3,4,3,3,2
VK6820,38,36-45,No,Operations,1,950,4,Female,3,3,Research Director,1,20963,0-3 LPA,1,Y,No,3,2,15,3,15
VK7040,38,36-45,No,IT,1,983,3,Female,3,2,Sales Executive,4,56123,6-10 LPA,1,Y,Yes,3,2,6,3,5
VK7230,38,36-45,No,Operations,1,1006,3,Male,3,1,Research Scientist,3,93705,10+ LPA,0,Y,No,3,2,3,2,2
VK7480,38,36-45,No,IT,1,1036,2,Male,3,2,Sales Executive,4,74477,6-10 LPA,8,Y,Yes,3,3,19,3,1
VK7660,38,36-45,No,Operations,1,1060,3,Male,3,1,Research Scientist,3,15388,0-3 LPA,3,Y,No,3,1,8,3,2
VK7850,38,36-45,No,Operations,1,1088,3,Female,2,3,Healthcare Representative,3,6569,0-3 LPA,0,Y,No,3,1,20,2,19
VK8080,38,36-45,No,IT,1,1119,3,Male,2,3,Sales Executive,3,70836,6-10 LPA,0,Y,Yes,3,2,9,3,8
VK8120,38,36-45,No,IT,1,1125,4,Male,3,3,Sales Executive,2,37586,3-6 LPA,7,Y,No,3,3,10,3,1
VK8270,38,36-45,No,Finance,1,1152,3,Male,4,1,Human Resources,3,13015,0-3 LPA,1,Y,No,3,4,7,4,7
VK9640,38,36-45,No,IT,1,1355,2,Female,3,2,Sales Executive,1,46002,3-6 LPA,3,Y,No,3,4,11,3,7
VK9830,38,36-45,No,Operations,1,1382,4,Male,4,1,Research Scientist,3,7254,0-3 LPA,1,Y,No,3,4,4,3,4
VK11080,38,36-45,No,Human Resources,1,1563,3,Male,3,2,Human Resources,3,18144,0-3 LPA,3,Y,No,3,3,10,3,6
VK11130,38,36-45,Yes,Operations,1,1573,3,Male,3,2,Manufacturing Director,2,25214,3-6 LPA,4,Y,No,3,1,7,3,5
VK11200,38,36-45,No,IT,1,1582,3,Male,3,2,Sales Executive,2,81719,6-10 LPA,0,Y,No,3,4,10,3,9
VK11210,38,36-45,No,IT,1,1583,2,Female,3,2,Sales Executive,2,72774,6-10 LPA,2,Y,No,3,2,8,4,3
VK11620,38,36-45,No,Operations,1,1638,4,Female,2,3,Manufacturing Director,3,7090,0-3 LPA,3,Y,Yes,3,4,10,4,5
VK11880,38,36-45,No,Operations,1,1668,4,Male,3,2,Research Scientist,4,12637,0-3 LPA,7,Y,No,3,4,19,4,13
VK11940,38,36-45,No,Operations,1,1675,4,Female,2,1,Laboratory Technician,2,23415,0-3 LPA,1,Y,No,4,2,4,3,4
VK12030,38,36-45,No,Operations,1,1687,4,Female,3,1,Laboratory Technician,3,25071,3-6 LPA,7,Y,No,3,4,7,2,0
VK12570,38,36-45,No,Operations,1,1760,3,Female,2,1,Laboratory Technician,2,59243,6-10 LPA,4,Y,No,3,2,9,2,6
VK12620,38,36-45,No,Operations,1,1766,2,Male,1,2,Healthcare Representative,4,42240,3-6 LPA,3,Y,Yes,3,3,15,3,1
VK12730,38,36-45,No,Operations,1,1782,4,Female,2,1,Laboratory Technician,3,84807,10+ LPA,1,Y,No,3,2,5,3,5
VK12900,38,36-45,No,Human Resources,1,1805,1,Male,3,1,Human Resources,2,34434,3-6 LPA,5,Y,No,3,4,13,3,11
VK13090,38,36-45,No,IT,1,1835,2,Female,1,2,Sales Representative,4,70724,6-10 LPA,2,Y,Yes,4,1,20,2,4
VK13740,38,36-45,No,Operations,1,1937,4,Female,2,2,Research Scientist,2,76697,6-10 LPA,1,Y,Yes,3,3,20,3,20
VK13770,38,36-45,No,Operations,1,1940,2,Male,3,1,Research Scientist,4,29732,3-6 LPA,2,Y,No,3,4,10,4,5
VK13920,38,36-45,No,IT,1,1961,1,Male,2,1,Sales Representative,1,12314,0-3 LPA,4,Y,No,3,1,20,2,1
VK14010,38,36-45,No,Human Resources,1,1972,4,Male,3,1,Human Resources,2,24954,0-3 LPA,0,Y,Yes,3,2,7,3,6
VK14170,38,36-45,No,IT,1,1995,4,Male,3,2,Sales Executive,2,58108,6-10 LPA,0,Y,No,3,1,16,3,15
VK14190,38,36-45,No,Operations,1,1997,1,Male,2,2,Manufacturing Director,3,88044,10+ LPA,2,Y,No,3,4,10,3,8
VK14310,38,36-45,No,Operations,1,2015,2,Female,1,3,Research Director,3,88505,10+ LPA,3,Y,No,3,1,20,3,18
VK14520,38,36-45,No,IT,1,2041,1,Female,3,2,Sales Executive,4,37668,3-6 LPA,1,Y,No,3,3,10,3,10
VK0340,39,36-45,Yes,IT,1,42,4,Male,3,2,Sales Representative,4,24061,0-3 LPA,3,Y,No,3,3,19,4,1
VK1380,39,36-45,No,IT,1,182,4,Female,2,2,Sales Executive,3,80252,6-10 LPA,4,Y,No,3,3,17,4,15
VK2410,39,36-45,No,Operations,1,332,3,Female,3,1,Laboratory Technician,3,40749,3-6 LPA,7,Y,No,3,3,7,3,3
VK2520,39,36-45,No,Operations,1,343,3,Female,3,3,Healthcare Representative,3,17907,0-3 LPA,0,Y,No,4,4,20,3,19
VK3050,39,36-45,No,Operations,1,417,3,Male,4,3,Healthcare Representative,4,19777,0-3 LPA,0,Y,No,3,1,19,2,18
VK3150,39,36-45,No,Operations,1,429,3,Male,3,4,Manager,1,94229,10+ LPA,1,Y,Yes,3,4,21,3,21
VK3270,39,36-45,No,Operations,1,444,3,Male,2,5,Manager,4,52745,6-10 LPA,1,Y,No,3,1,21,3,21
VK3280,39,36-45,Yes,IT,1,445,4,Female,3,2,Sales Executive,3,92865,10+ LPA,4,Y,Yes,3,1,12,2,1
VK4010,39,36-45,No,Operations,1,531,2,Male,3,5,Manager,3,82818,6-10 LPA,1,Y,Yes,3,3,21,3,21
VK4500,39,36-45,No,Operations,1,602,3,Female,3,1,Laboratory Technician,3,24624,0-3 LPA,1,Y,No,3,1,8,3,8
VK5270,39,36-45,No,Operations,1,721,4,Female,2,2,Healthcare Representative,3,24321,0-3 LPA,1,Y,No,3,1,20,3,20
VK5520,39,36-45,No,Finance,1,760,3,Female,4,2,Human Resources,2,11488,0-3 LPA,9,Y,No,3,3,12,1,8
VK6550,39,36-45,No,Finance,1,909,4,Female,2,2,Human Resources,4,23574,0-3 LPA,8,Y,No,3,3,13,3,5
VK6700,39,36-45,Yes,Operations,1,932,4,Male,3,1,Laboratory Technician,1,6240,0-3 LPA,7,Y,Yes,4,4,8,1,2
VK7060,39,36-45,No,IT,1,985,1,Male,4,3,Sales Executive,3,44221,3-6 LPA,0,Y,No,3,4,9,3,8
VK7390,39,36-45,No,Operations,1,1026,4,Female,2,4,Manufacturing Director,4,11478,0-3 LPA,1,Y,No,3,3,21,3,21
VK7540,39,36-45,No,Operations,1,1043,4,Female,3,3,Manufacturing Director,1,56645,6-10 LPA,1,Y,Yes,3,3,21,3,21
VK8140,39,36-45,Yes,Operations,1,1127,1,Male,3,4,Healthcare Representative,4,20262,0-3 LPA,7,Y,No,3,4,21,3,18
VK8170,39,36-45,No,Operations,1,1132,3,Male,3,2,Laboratory Technician,2,53796,6-10 LPA,9,Y,No,3,3,9,2,5
VK9380,39,36-45,No,Operations,1,1307,3,Female,2,4,Manager,2,5432,0-3 LPA,6,Y,Yes,3,4,21,3,19
VK9410,39,36-45,Yes,Operations,1,1310,3,Male,3,1,Research Scientist,1,96257,10+ LPA,0,Y,No,3,1,6,3,5
VK9500,39,36-45,No,Operations,1,1322,1,Male,3,2,Manufacturing Director,3,65291,6-10 LPA,0,Y,No,3,1,9,3,8
VK9870,39,36-45,No,IT,1,1390,1,Male,2,2,Sales Executive,4,80104,6-10 LPA,3,Y,Yes,3,4,8,4,5
VK9930,39,36-45,No,Operations,1,1397,3,Male,3,3,Healthcare Representative,3,60399,6-10 LPA,3,Y,No,4,2,13,3,6
VK10330,39,36-45,Yes,Operations,1,1458,1,Female,2,1,Laboratory Technician,1,80714,6-10 LPA,2,Y,Yes,4,2,11,4,1
VK10800,39,36-45,No,Operations,1,1525,2,Female,3,3,Manufacturing Director,2,51428,6-10 LPA,4,Y,No,3,4,9,3,2
VK11250,39,36-45,No,IT,1,1588,4,Male,4,3,Sales Executive,3,88731,10+ LPA,2,Y,No,3,1,11,3,7
VK11490,39,36-45,No,Operations,1,1618,2,Male,3,2,Manufacturing Director,1,1302,0-3 LPA,2,Y,No,3,4,10,3,7
VK11560,39,36-45,No,Operations,1,1627,3,Male,2,2,Laboratory Technician,3,83558,10+ LPA,0,Y,No,3,4,11,3,10
VK11600,39,36-45,No,Operations,1,1633,1,Female,3,2,Manufacturing Director,3,1055,0-3 LPA,0,Y,No,3,4,10,1,9
VK11760,39,36-45,No,Operations,1,1654,4,Male,3,2,Manufacturing Director,2,9717,0-3 LPA,4,Y,No,4,3,7,3,5
VK12410,39,36-45,No,Operations,1,1737,4,Male,3,2,Laboratory Technician,4,29699,3-6 LPA,1,Y,Yes,3,4,9,3,9
VK12850,39,36-45,No,Operations,1,1800,3,Male,3,3,Research Director,3,74686,6-10 LPA,7,Y,No,4,3,9,3,4
VK12930,39,36-45,No,IT,1,1812,3,Male,3,2,Sales Executive,4,68661,6-10 LPA,2,Y,No,3,4,7,3,2
VK13360,39,36-45,No,Operations,1,1871,4,Male,3,2,Research Scientist,4,45247,3-6 LPA,8,Y,No,3,2,7,3,2
VK13670,39,36-45,No,IT,1,1929,1,Female,1,2,Sales Executive,3,17748,0-3 LPA,6,Y,No,3,3,10,3,3
VK13730,39,36-45,No,Operations,1,1936,1,Male,3,2,Manufacturing Director,1,5621,0-3 LPA,1,Y,No,4,4,10,3,10
VK14040,39,36-45,No,IT,1,1975,2,Male,3,4,Sales Executive,1,16034,0-3 LPA,0,Y,No,3,1,21,3,20
VK14300,39,36-45,No,Operations,1,2014,1,Male,3,2,Research Scientist,4,6126,0-3 LPA,7,Y,No,3,1,18,3,7
VK14380,39,36-45,No,Operations,1,2022,4,Male,3,5,Manager,4,6122,0-3 LPA,2,Y,No,3,3,21,2,6
VK14630,39,36-45,No,IT,1,2056,2,Female,2,4,Sales Executive,4,19030,0-3 LPA,0,Y,No,3,1,21,2,20
VK14670,39,36-45,No,Operations,1,2062,4,Male,2,3,Healthcare Representative,1,83838,10+ LPA,4,Y,No,3,1,9,3,7
VK14630,39,36-45,No,IT,1,2056,2,Female,2,4,Sales Executive,4,85717,10+ LPA,0,Y,No,3,1,21,2,20
VK14670,39,36-45,No,Operations,1,2062,4,Male,2,3,Healthcare Representative,1,56658,6-10 LPA,4,Y,No,3,1,9,3,7
VK0910,40,36-45,No,Operations,1,119,3,Male,2,4,Healthcare Representative,2,39638,3-6 LPA,1,Y,No,4,4,22,2,22
VK1510,40,36-45,No,Operations,1,202,2,Female,3,2,Research Scientist,2,68067,6-10 LPA,1,Y,No,3,1,20,3,20
VK1590,40,36-45,No,IT,1,215,3,Male,2,3,Sales Executive,4,89869,10+ LPA,7,Y,No,3,1,15,2,12
VK1870,40,36-45,No,Operations,1,253,4,Female,3,5,Manager,3,35674,3-6 LPA,1,Y,No,3,2,21,3,20
VK2040,40,36-45,No,Operations,1,281,3,Male,3,2,Laboratory Technician,4,36854,3-6 LPA,8,Y,Yes,3,3,15,4,7
VK2090,40,36-45,No,Operations,1,287,4,Male,2,2,Healthcare Representative,4,47271,3-6 LPA,9,Y,No,3,4,5,1,3
VK2440,40,36-45,No,Operations,1,335,1,Male,3,2,Research Scientist,4,74688,6-10 LPA,1,Y,No,3,1,9,3,9
VK2580,40,36-45,No,Operations,1,352,1,Male,3,5,Research Director,3,39518,3-6 LPA,0,Y,No,3,4,22,3,21
VK3360,40,36-45,No,IT,1,453,2,Male,1,2,Sales Executive,4,11267,0-3 LPA,2,Y,Yes,4,3,6,2,4
VK3620,40,36-45,No,Operations,1,483,4,Female,4,1,Laboratory Technician,3,91825,10+ LPA,3,Y,Yes,3,3,10,3,7
VK3690,40,36-45,Yes,IT,1,492,3,Male,2,2,Sales Executive,3,2062,0-3 LPA,2,Y,Yes,3,1,8,3,6
VK3880,40,36-45,No,IT,1,516,4,Female,3,2,Sales Executive,2,51448,6-10 LPA,7,Y,No,3,3,8,3,5
VK3920,40,36-45,No,Operations,1,521,2,Female,2,2,Laboratory Technician,3,96462,10+ LPA,6,Y,No,4,2,20,3,1
VK4180,40,36-45,No,IT,1,558,3,Female,3,5,Manager,3,7229,0-3 LPA,0,Y,No,3,4,21,3,20
VK4490,40,36-45,No,Operations,1,601,2,Female,3,4,Manufacturing Director,3,57793,6-10 LPA,7,Y,No,3,3,22,3,20
VK4590,40,36-45,No,IT,1,615,3,Male,1,3,Sales Executive,1,48915,3-6 LPA,3,Y,No,3,3,20,3,1
VK5340,40,36-45,No,IT,1,729,4,Male,2,3,Sales Executive,1,5632,0-3 LPA,5,Y,Yes,4,3,20,3,18
VK5540,40,36-45,No,Operations,1,763,4,Female,2,1,Research Scientist,4,4596,0-3 LPA,0,Y,Yes,4,4,5,2,4
VK5830,40,36-45,No,Operations,1,807,3,Female,4,2,Healthcare Representative,2,7168,0-3 LPA,1,Y,No,4,4,8,3,8
VK6020,40,36-45,No,Operations,1,832,1,Male,2,2,Laboratory Technician,3,8561,0-3 LPA,6,Y,No,3,4,10,3,1
VK6850,40,36-45,No,IT,1,954,1,Male,2,3,Sales Executive,2,74794,6-10 LPA,2,Y,No,3,2,11,2,1
VK6920,40,36-45,No,Operations,1,964,4,Male,3,1,Research Scientist,2,83152,6-10 LPA,8,Y,Yes,3,4,3,3,1
VK7070,40,36-45,Yes,IT,1,986,2,Female,4,4,Sales Executive,2,27734,3-6 LPA,4,Y,Yes,3,4,22,2,1
VK7690,40,36-45,No,IT,1,1066,3,Male,3,2,Sales Executive,1,7371,0-3 LPA,1,Y,No,3,2,8,2,7
VK7860,40,36-45,No,Operations,1,1092,1,Male,3,3,Healthcare Representative,4,27069,3-6 LPA,4,Y,No,4,4,14,3,11
VK8150,40,36-45,No,Operations,1,1128,3,Male,2,5,Research Director,3,80905,6-10 LPA,1,Y,No,3,1,21,4,20
VK8380,40,36-45,No,Operations,1,1166,2,Female,3,3,Research Director,3,13910,0-3 LPA,9,Y,No,3,3,20,2,18
VK8460,40,36-45,No,Operations,1,1180,3,Female,2,2,Research Scientist,4,74479,6-10 LPA,3,Y,Yes,3,4,16,1,1
VK8670,40,36-45,No,IT,1,1212,2,Male,3,2,Sales Executive,2,78735,6-10 LPA,5,Y,No,3,4,5,3,0
VK8850,40,36-45,No,IT,1,1239,2,Female,2,2,Sales Executive,2,82264,6-10 LPA,7,Y,No,3,2,7,4,5
VK9470,40,36-45,Yes,IT,1,1318,4,Male,2,3,Sales Executive,2,24275,0-3 LPA,2,Y,Yes,3,3,9,3,5
VK9580,40,36-45,No,Operations,1,1340,3,Male,3,1,Research Scientist,3,73274,6-10 LPA,9,Y,No,3,2,6,3,4
VK9600,40,36-45,No,Operations,1,1346,3,Male,3,2,Research Scientist,4,82449,6-10 LPA,1,Y,No,3,3,9,3,9
VK9680,40,36-45,No,Operations,1,1361,2,Male,3,1,Laboratory Technician,2,61004,6-10 LPA,3,Y,No,4,3,7,3,4
VK9790,40,36-45,No,Operations,1,1375,2,Female,4,2,Healthcare Representative,3,63981,6-10 LPA,5,Y,No,4,2,15,3,12
VK10300,40,36-45,No,Operations,1,1449,3,Male,3,2,Laboratory Technician,3,85659,10+ LPA,3,Y,No,3,3,11,4,8
VK10410,40,36-45,No,Operations,1,1468,4,Male,2,3,Research Director,2,55553,6-10 LPA,2,Y,No,3,3,16,3,9
VK10460,40,36-45,No,Operations,1,1474,3,Male,3,1,Research Scientist,3,49447,3-6 LPA,2,Y,No,3,3,8,4,3
VK10840,40,36-45,Yes,Operations,1,1534,4,Male,3,1,Laboratory Technician,1,35529,3-6 LPA,3,Y,No,3,2,15,1,5
VK10950,40,36-45,No,IT,1,1548,1,Male,3,2,Sales Executive,1,76703,6-10 LPA,0,Y,No,3,4,9,4,8
VK10970,40,36-45,No,Finance,1,1550,3,Male,3,4,Manager,4,77090,6-10 LPA,1,Y,Yes,4,4,21,3,21
VK10990,40,36-45,No,Operations,1,1552,4,Male,3,2,Healthcare Representative,4,18260,0-3 LPA,3,Y,Yes,3,3,8,3,2
VK11330,40,36-45,No,IT,1,1598,4,Female,3,2,Sales Executive,1,4812,0-3 LPA,1,Y,No,3,3,5,3,5
VK11570,40,36-45,No,Operations,1,1628,1,Female,2,3,Manufacturing Director,3,29024,3-6 LPA,1,Y,No,3,4,18,3,18
VK11650,40,36-45,No,Operations,1,1641,3,Female,3,3,Manufacturing Director,4,59656,6-10 LPA,6,Y,Yes,3,4,18,2,4
VK11720,40,36-45,Yes,Operations,1,1649,1,Male,3,1,Laboratory Technician,1,28285,3-6 LPA,3,Y,Yes,3,2,10,1,4
VK12300,40,36-45,No,Operations,1,1724,2,Female,3,2,Manufacturing Director,1,93436,10+ LPA,2,Y,Yes,3,2,18,3,1
VK12430,40,36-45,No,IT,1,1740,2,Male,3,5,Manager,2,2605,0-3 LPA,1,Y,No,3,2,21,2,21
VK12870,40,36-45,No,Operations,1,1802,3,Female,3,1,Laboratory Technician,1,72158,6-10 LPA,4,Y,No,3,4,7,2,4
VK13000,40,36-45,No,Operations,1,1822,3,Female,3,2,Healthcare Representative,4,73303,6-10 LPA,4,Y,No,3,4,12,3,5
VK13050,40,36-45,No,Operations,1,1829,2,Female,3,2,Healthcare Representative,1,28139,3-6 LPA,2,Y,No,3,2,15,3,7
VK13490,40,36-45,No,Operations,1,1892,1,Male,3,4,Manager,1,78149,6-10 LPA,2,Y,No,3,1,22,3,19
VK14100,40,36-45,No,Operations,1,1985,4,Female,3,2,Laboratory Technician,3,57138,6-10 LPA,1,Y,No,3,1,10,4,10
VK14110,40,36-45,No,IT,1,1986,2,Female,3,2,Sales Executive,2,77125,6-10 LPA,3,Y,No,3,3,15,3,11
VK14280,40,36-45,No,Operations,1,2012,1,Male,3,1,Laboratory Technician,4,14918,0-3 LPA,8,Y,No,3,3,8,2,1
VK14560,40,36-45,No,Operations,1,2048,3,Male,2,1,Research Scientist,3,86655,10+ LPA,2,Y,No,3,4,8,3,2
VK14580,40,36-45,No,Operations,1,2051,3,Female,3,1,Research Scientist,3,28446,3-6 LPA,2,Y,No,3,2,20,3,5
VK0010,41,36-45,Yes,IT,1,1,2,Female,3,2,Sales Executive,4,14046,0-3 LPA,8,Y,Yes,3,1,8,1,6
VK0460,41,36-45,Yes,Operations,1,58,2,Female,3,5,Research Director,3,25818,3-6 LPA,1,Y,No,3,4,23,3,22
VK1340,41,36-45,No,IT,1,176,3,Male,3,3,Sales Executive,3,5324,0-3 LPA,3,Y,Yes,3,3,12,3,9
VK1480,41,36-45,No,Operations,1,199,4,Male,2,4,Manager,1,77323,6-10 LPA,4,Y,No,3,2,21,2,7
VK1490,41,36-45,No,Operations,1,200,3,Male,3,1,Laboratory Technician,1,10111,0-3 LPA,2,Y,No,4,4,7,3,5
VK1670,41,36-45,No,Operations,1,227,1,Male,3,1,Research Scientist,3,39110,3-6 LPA,4,Y,No,3,1,13,3,9
VK1830,41,36-45,Yes,IT,1,248,2,Female,3,1,Sales Representative,2,17389,0-3 LPA,1,Y,Yes,4,4,4,2,4
VK2160,41,36-45,No,IT,1,298,4,Female,3,3,Manager,4,42427,3-6 LPA,3,Y,Yes,3,3,16,3,1
VK2430,41,36-45,No,Operations,1,334,3,Male,3,2,Research Scientist,1,80579,6-10 LPA,2,Y,No,3,1,17,2,1
VK3010,41,36-45,No,IT,1,410,4,Male,3,4,Manager,2,29746,3-6 LPA,1,Y,No,3,2,22,3,22
VK3470,41,36-45,No,Operations,1,466,4,Male,2,2,Manufacturing Director,2,88886,10+ LPA,6,Y,Yes,3,4,8,3,5
VK3670,41,36-45,Yes,IT,1,488,1,Male,3,2,Sales Executive,2,1117,0-3 LPA,1,Y,No,3,3,8,3,8
VK4040,41,36-45,No,IT,1,534,2,Male,4,3,Sales Executive,1,85471,10+ LPA,1,Y,No,3,3,10,3,10
VK4470,41,36-45,No,IT,1,599,4,Male,3,2,Sales Executive,4,14234,0-3 LPA,7,Y,No,3,4,16,3,14
VK4600,41,36-45,No,Operations,1,616,1,Female,2,2,Healthcare Representative,3,54441,6-10 LPA,2,Y,Yes,3,1,10,3,8
VK4670,41,36-45,No,IT,1,625,2,Female,3,4,Manager,1,1846,0-3 LPA,7,Y,No,3,2,22,3,18
VK5360,41,36-45,No,Finance,1,731,2,Male,2,5,Manager,4,11954,0-3 LPA,3,Y,No,3,2,23,2,21
VK5390,41,36-45,No,Finance,1,734,4,Male,2,5,Manager,3,80239,6-10 LPA,1,Y,No,3,2,22,3,22
VK6680,41,36-45,Yes,Operations,1,927,2,Female,1,1,Laboratory Technician,4,47514,3-6 LPA,4,Y,Yes,3,3,10,2,7
VK6870,41,36-45,No,Operations,1,957,4,Male,3,1,Laboratory Technician,1,89236,10+ LPA,2,Y,Yes,3,3,20,3,18
VK7170,41,36-45,No,Operations,1,999,1,Male,3,5,Research Director,3,98579,10+ LPA,2,Y,No,3,2,21,4,18
VK7380,41,36-45,No,Operations,1,1025,4,Female,3,2,Manufacturing Director,3,7469,0-3 LPA,6,Y,No,3,2,8,3,2
VK7470,41,36-45,No,Operations,1,1035,2,Female,1,5,Research Director,3,31105,3-6 LPA,1,Y,No,4,2,21,3,21
VK7840,41,36-45,No,Operations,1,1085,2,Female,4,1,Research Scientist,3,43101,3-6 LPA,1,Y,No,3,3,10,3,10
VK8310,41,36-45,No,Operations,1,1158,2,Male,3,1,Laboratory Technician,4,65323,6-10 LPA,3,Y,Yes,3,1,6,3,1
VK8650,41,36-45,Yes,Operations,1,1210,1,Male,2,1,Research Scientist,1,92922,10+ LPA,6,Y,No,3,1,5,1,1
VK9520,41,36-45,No,IT,1,1329,3,Male,1,2,Sales Executive,2,59067,6-10 LPA,1,Y,No,3,1,19,3,19
VK9610,41,36-45,No,IT,1,1349,3,Female,3,2,Sales Executive,1,50376,6-10 LPA,0,Y,No,3,4,10,3,9
VK9890,41,36-45,No,Operations,1,1392,4,Female,3,2,Research Scientist,4,46587,3-6 LPA,3,Y,Yes,3,1,12,2,6
VK10290,41,36-45,No,Operations,1,1448,2,Male,4,1,Research Scientist,3,37976,3-6 LPA,2,Y,Yes,3,1,7,2,4
VK11970,41,36-45,No,IT,1,1678,4,Male,3,3,Sales Executive,3,68584,6-10 LPA,3,Y,Yes,3,4,21,3,2
VK12190,41,36-45,No,IT,1,1708,4,Male,3,3,Sales Executive,3,79477,6-10 LPA,1,Y,No,3,2,10,3,10
VK12290,41,36-45,No,Human Resources,1,1722,3,Male,1,2,Human Resources,2,43533,3-6 LPA,6,Y,No,3,2,10,3,3
VK12670,41,36-45,No,Operations,1,1772,3,Male,3,1,Laboratory Technician,1,2828,0-3 LPA,1,Y,No,4,2,5,3,5
VK12950,41,36-45,No,Operations,1,1814,2,Male,4,2,Healthcare Representative,2,2917,0-3 LPA,3,Y,No,3,1,11,1,3
VK12960,41,36-45,No,IT,1,1815,3,Female,3,3,Sales Executive,3,21618,0-3 LPA,0,Y,Yes,3,4,23,4,22
VK13570,41,36-45,No,IT,1,1909,3,Female,3,2,Sales Executive,2,33254,3-6 LPA,5,Y,No,4,3,14,3,5
VK14210,41,36-45,No,Operations,1,1999,4,Male,3,1,Research Scientist,4,48362,3-6 LPA,3,Y,No,4,1,12,3,5
VK14460,41,36-45,No,Operations,1,2034,1,Female,2,4,Manufacturing Director,2,21128,0-3 LPA,0,Y,No,4,3,21,3,20
VK14490,41,36-45,No,IT,1,2037,3,Male,2,2,Sales Executive,2,60383,6-10 LPA,2,Y,No,3,3,14,3,5
VK0280,42,36-45,No,IT,1,35,3,Male,3,2,Sales Executive,2,66545,6-10 LPA,0,Y,No,3,4,10,3,9
VK1980,42,36-45,No,Operations,1,270,3,Female,3,2,Manufacturing Director,3,83180,6-10 LPA,2,Y,No,3,2,11,3,5
VK2320,42,36-45,No,Operations,1,319,3,Male,3,5,Manager,4,88958,10+ LPA,1,Y,No,3,4,22,3,22
VK2540,42,36-45,No,Operations,1,347,4,Female,4,2,Research Scientist,1,10865,0-3 LPA,3,Y,Yes,3,3,10,3,3
VK2570,42,36-45,No,Operations,1,351,4,Female,2,1,Laboratory Technician,1,3219,0-3 LPA,0,Y,Yes,3,3,10,3,9
VK2820,42,36-45,No,IT,1,387,2,Male,3,2,Sales Executive,3,40809,3-6 LPA,1,Y,No,4,3,20,3,20
VK2960,42,36-45,No,IT,1,404,3,Female,3,4,Sales Executive,2,6287,0-3 LPA,5,Y,No,3,4,23,4,20
VK3490,42,36-45,No,Operations,1,468,1,Female,3,4,Research Director,4,35387,3-6 LPA,2,Y,No,3,2,16,3,1
VK3510,42,36-45,No,Finance,1,470,3,Male,3,1,Human Resources,3,9512,0-3 LPA,0,Y,Yes,3,3,4,3,3
VK3570,42,36-45,No,Operations,1,477,1,Male,2,2,Healthcare Representative,4,2342,0-3 LPA,3,Y,No,4,2,14,3,1
VK3890,42,36-45,No,Operations,1,517,2,Female,3,1,Laboratory Technician,1,64076,6-10 LPA,3,Y,No,3,2,8,3,5
VK4100,42,36-45,No,Operations,1,547,1,Female,3,2,Research Scientist,3,20216,0-3 LPA,2,Y,No,3,2,19,3,5
VK4140,42,36-45,No,Operations,1,551,4,Female,2,2,Healthcare Representative,4,94070,10+ LPA,0,Y,No,3,4,7,4,6
VK4420,42,36-45,No,Operations,1,591,2,Male,3,1,Laboratory Technician,3,80767,6-10 LPA,4,Y,No,3,4,8,3,2
VK4520,42,36-45,No,Operations,1,605,4,Male,3,3,Manufacturing Director,1,98829,10+ LPA,1,Y,Yes,4,4,10,2,10
VK4890,42,36-45,No,Operations,1,659,3,Female,3,2,Healthcare Representative,4,27614,3-6 LPA,1,Y,No,3,2,10,3,10
VK5480,42,36-45,Yes,Operations,1,752,3,Male,4,1,Research Scientist,3,37258,3-6 LPA,6,Y,Yes,3,4,7,3,2
VK5850,42,36-45,No,Operations,1,809,2,Male,3,5,Manager,4,94789,10+ LPA,1,Y,No,3,2,24,2,24
VK5980,42,36-45,No,Operations,1,827,4,Female,2,2,Manufacturing Director,4,43078,3-6 LPA,9,Y,Yes,3,4,8,3,4
VK6050,42,36-45,No,Operations,1,836,2,Male,3,2,Manufacturing Director,2,84524,10+ LPA,1,Y,No,3,4,10,2,9
VK6330,42,36-45,No,Operations,1,875,2,Male,3,1,Research Scientist,4,97573,10+ LPA,5,Y,Yes,3,4,8,3,2
VK6440,42,36-45,No,Operations,1,894,3,Female,4,2,Laboratory Technician,4,13219,0-3 LPA,2,Y,Yes,3,2,17,2,5
VK6730,42,36-45,No,IT,1,936,3,Female,2,2,Sales Executive,3,1235,0-3 LPA,7,Y,No,3,1,10,3,5
VK7420,42,36-45,No,IT,1,1029,4,Male,3,5,Manager,3,43929,3-6 LPA,6,Y,No,3,2,21,4,1
VK8000,42,36-45,No,Operations,1,1109,4,Male,3,4,Manager,1,68444,6-10 LPA,0,Y,No,3,4,23,3,22
VK8250,42,36-45,No,Operations,1,1148,2,Male,1,2,Laboratory Technician,4,9567,0-3 LPA,4,Y,No,3,1,16,3,1
VK8390,42,36-45,Yes,IT,1,1167,3,Male,3,4,Sales Executive,1,71792,6-10 LPA,0,Y,Yes,3,2,22,2,21
VK8400,42,36-45,No,IT,1,1171,2,Male,3,2,Sales Executive,1,66441,6-10 LPA,7,Y,No,3,4,9,4,6
VK8790,42,36-45,No,Human Resources,1,1231,4,Male,4,2,Human Resources,1,85555,10+ LPA,7,Y,No,3,1,10,4,4
VK8880,42,36-45,No,Operations,1,1242,1,Female,3,3,Research Director,1,74698,6-10 LPA,3,Y,Yes,3,3,20,3,1
VK9260,42,36-45,No,Operations,1,1292,2,Female,4,2,Research Scientist,2,6415,0-3 LPA,6,Y,Yes,3,4,18,3,1
VK9550,42,36-45,No,Operations,1,1334,3,Male,3,4,Manager,3,37159,3-6 LPA,0,Y,Yes,3,4,21,2,20
VK10000,42,36-45,No,Finance,1,1408,3,Female,3,4,Manager,1,44925,3-6 LPA,0,Y,No,3,3,21,3,20
VK10510,42,36-45,No,Operations,1,1480,1,Female,3,1,Laboratory Technician,4,6951,0-3 LPA,1,Y,No,3,3,12,3,12
VK10890,42,36-45,No,Operations,1,1542,3,Male,2,1,Laboratory Technician,2,88388,10+ LPA,4,Y,No,3,2,4,3,1
VK10940,42,36-45,No,Operations,1,1547,4,Male,3,3,Healthcare Representative,4,9007,0-3 LPA,2,Y,Yes,3,3,24,1,20
VK11300,42,36-45,No,Operations,1,1595,4,Male,2,5,Manager,4,42832,3-6 LPA,8,Y,No,4,4,24,3,1
VK12640,42,36-45,No,Operations,1,1768,2,Male,3,1,Laboratory Technician,2,59596,6-10 LPA,8,Y,No,4,2,7,2,5
VK12880,42,36-45,No,Operations,1,1803,2,Male,4,2,Healthcare Representative,1,31523,3-6 LPA,5,Y,No,3,3,10,2,0
VK13210,42,36-45,No,Operations,1,1854,3,Male,3,1,Research Scientist,3,89861,10+ LPA,3,Y,No,4,2,10,2,6
VK13260,42,36-45,No,Operations,1,1860,4,Male,3,1,Laboratory Technician,3,87740,10+ LPA,4,Y,No,3,4,8,3,0
VK13580,42,36-45,No,Operations,1,1911,3,Male,3,3,Research Director,1,16524,0-3 LPA,9,Y,No,3,2,18,4,13
VK13790,42,36-45,No,IT,1,1943,2,Male,3,2,Sales Executive,4,20282,0-3 LPA,3,Y,Yes,3,3,14,3,0
VK14050,42,36-45,No,Operations,1,1976,4,Male,2,2,Research Scientist,3,24930,0-3 LPA,1,Y,No,3,4,20,3,20
VK14200,42,36-45,No,Operations,1,1998,4,Male,3,2,Research Scientist,1,1077,0-3 LPA,6,Y,Yes,3,3,9,2,4
VK14440,42,36-45,No,Operations,1,2031,1,Male,3,5,Manager,3,21611,0-3 LPA,5,Y,No,3,1,24,2,22
VK0360,43,36-45,No,Operations,1,46,4,Female,4,1,Research Scientist,3,17984,0-3 LPA,1,Y,No,3,4,6,2,5
VK1200,43,36-45,No,IT,1,158,3,Male,3,4,Manager,4,15060,0-3 LPA,1,Y,Yes,3,4,25,4,25
VK1310,43,36-45,No,Operations,1,171,2,Female,4,1,Research Scientist,3,83985,10+ LPA,4,Y,No,3,4,18,3,3
VK1940,43,36-45,No,Operations,1,262,4,Male,4,1,Research Scientist,4,85056,10+ LPA,4,Y,No,3,4,7,4,5
VK2360,43,36-45,No,IT,1,327,4,Female,3,4,Manager,4,44303,3-6 LPA,5,Y,Yes,4,3,22,3,17
VK3160,43,36-45,No,Operations,1,430,3,Female,3,1,Laboratory Technician,4,60207,6-10 LPA,0,Y,No,3,1,9,3,8
VK3310,43,36-45,No,Operations,1,448,3,Female,2,2,Laboratory Technician,3,76046,6-10 LPA,1,Y,No,3,2,9,4,9
VK3340,43,36-45,No,Operations,1,451,3,Female,3,3,Healthcare Representative,1,30287,3-6 LPA,8,Y,No,3,1,10,2,1
VK3910,43,36-45,No,Operations,1,520,1,Male,2,4,Research Director,2,94709,10+ LPA,1,Y,No,3,3,25,3,25
VK3960,43,36-45,No,Operations,1,525,4,Male,3,1,Laboratory Technician,4,40711,3-6 LPA,7,Y,No,4,1,8,3,3
VK3970,43,36-45,No,Operations,1,526,3,Female,3,2,Healthcare Representative,3,12954,0-3 LPA,4,Y,Yes,3,4,8,3,5
VK4900,43,36-45,No,Operations,1,661,2,Male,2,4,Research Director,4,74340,6-10 LPA,4,Y,Yes,3,3,21,2,1
VK4920,43,36-45,No,Operations,1,663,4,Male,3,2,Laboratory Technician,3,73101,6-10 LPA,3,Y,Yes,3,2,10,3,8
VK5490,43,36-45,No,IT,1,754,4,Male,2,2,Sales Executive,4,72520,6-10 LPA,3,Y,No,3,3,7,3,2
VK6100,43,36-45,No,Operations,1,843,2,Male,3,4,Research Director,1,88062,10+ LPA,6,Y,No,4,3,22,3,4
VK6510,43,36-45,No,Operations,1,902,4,Female,3,2,Healthcare Representative,4,19574,0-3 LPA,4,Y,No,3,2,12,2,5
VK6620,43,36-45,No,Operations,1,920,1,Female,3,2,Manufacturing Director,2,10184,0-3 LPA,4,Y,No,4,3,4,4,1
VK7760,43,36-45,No,IT,1,1076,3,Male,2,3,Sales Executive,4,20096,0-3 LPA,5,Y,No,3,3,18,3,1
VK8130,43,36-45,No,Operations,1,1126,3,Female,3,3,Manufacturing Director,1,68728,6-10 LPA,8,Y,No,3,3,18,3,8
VK8500,43,36-45,Yes,IT,1,1188,1,Female,1,2,Sales Executive,3,35016,3-6 LPA,8,Y,No,3,2,7,2,4
VK8990,43,36-45,No,Operations,1,1255,3,Male,1,5,Research Director,4,12246,0-3 LPA,3,Y,No,3,2,25,3,8
VK9270,43,36-45,No,IT,1,1293,4,Female,2,3,Sales Executive,4,46558,3-6 LPA,3,Y,No,3,4,23,4,21
VK9960,43,36-45,No,Operations,1,1402,1,Female,2,2,Research Scientist,3,19381,0-3 LPA,1,Y,Yes,3,1,20,1,20
VK11340,43,36-45,No,Operations,1,1599,4,Male,4,1,Laboratory Technician,2,37455,3-6 LPA,5,Y,No,3,3,8,3,6
VK11860,43,36-45,No,Operations,1,1666,3,Male,2,4,Research Director,3,93263,10+ LPA,1,Y,No,4,1,14,3,14
VK12170,43,36-45,No,IT,1,1706,4,Male,3,2,Sales Executive,4,5018,0-3 LPA,1,Y,Yes,3,1,10,3,10
VK12630,43,36-45,Yes,Operations,1,1767,3,Male,2,1,Research Scientist,3,12302,0-3 LPA,9,Y,Yes,3,4,6,3,1
VK12700,43,36-45,No,Finance,1,1778,2,Male,3,1,Human Resources,4,68506,6-10 LPA,0,Y,No,3,2,10,3,9
VK12940,43,36-45,No,Operations,1,1813,1,Male,3,1,Research Scientist,3,42157,3-6 LPA,4,Y,No,3,3,7,2,3
VK13170,43,36-45,No,IT,1,1849,1,Male,3,2,Sales Executive,4,55917,6-10 LPA,1,Y,No,4,3,7,3,7
VK13310,43,36-45,No,Operations,1,1866,1,Female,2,5,Manager,3,93738,10+ LPA,7,Y,No,3,4,21,3,16
VK14000,43,36-45,No,Operations,1,1971,1,Male,3,3,Healthcare Representative,3,97646,10+ LPA,1,Y,No,3,2,10,3,10
VK0290,44,36-45,No,Operations,1,36,1,Female,2,3,Healthcare Representative,4,84122,10+ LPA,3,Y,No,3,4,24,3,22
VK0320,44,36-45,No,Operations,1,40,4,Male,3,2,Healthcare Representative,4,25519,3-6 LPA,2,Y,Yes,3,4,9,4,4
VK0530,44,36-45,No,IT,1,68,2,Female,3,2,Sales Executive,1,97809,10+ LPA,5,Y,Yes,4,3,9,2,4
VK1000,44,36-45,No,Operations,1,132,2,Male,3,2,Laboratory Technician,2,88487,10+ LPA,4,Y,No,3,3,17,4,3
VK2870,44,36-45,Yes,Operations,1,392,4,Male,3,1,Laboratory Technician,3,57819,6-10 LPA,3,Y,Yes,4,4,19,1,1
VK4940,44,36-45,No,Human Resources,1,665,1,Female,2,2,Human Resources,3,81910,6-10 LPA,4,Y,No,3,2,10,4,2
VK4980,44,36-45,No,Operations,1,671,4,Male,3,5,Manager,4,72324,6-10 LPA,4,Y,Yes,3,1,26,4,2
VK5440,44,36-45,No,Operations,1,744,1,Male,1,1,Laboratory Technician,3,6408,0-3 LPA,2,Y,No,3,3,9,3,5
VK6180,44,36-45,No,Operations,1,852,4,Male,3,2,Healthcare Representative,2,60379,6-10 LPA,9,Y,No,3,4,10,2,5
VK6320,44,36-45,No,Operations,1,874,1,Male,4,1,Laboratory Technician,4,26053,3-6 LPA,2,Y,Yes,4,3,10,2,3
VK6590,44,36-45,No,Operations,1,913,2,Male,3,1,Research Scientist,1,10446,0-3 LPA,1,Y,Yes,3,4,8,3,8
VK7510,44,36-45,No,IT,1,1039,4,Female,4,4,Sales Executive,4,1922,0-3 LPA,3,Y,Yes,3,3,23,3,12
VK7900,44,36-45,Yes,Human Resources,1,1098,2,Male,2,3,Human Resources,1,99723,10+ LPA,9,Y,No,3,4,24,3,20
VK8580,44,36-45,Yes,Operations,1,1200,3,Male,3,1,Research Scientist,3,52356,6-10 LPA,1,Y,Yes,3,3,6,3,6
VK8630,44,36-45,No,Operations,1,1206,4,Male,1,1,Research Scientist,3,11789,0-3 LPA,2,Y,No,3,4,6,3,0
VK8760,44,36-45,No,Operations,1,1225,4,Male,3,2,Research Scientist,4,98720,10+ LPA,1,Y,No,4,2,20,3,20
VK8920,44,36-45,No,Operations,1,1246,1,Female,4,1,Research Scientist,4,67656,6-10 LPA,1,Y,No,3,4,10,3,10
VK9080,44,36-45,No,IT,1,1267,2,Male,3,5,Manager,2,45028,3-6 LPA,7,Y,No,3,3,26,3,22
VK9230,44,36-45,No,Operations,1,1288,3,Male,4,5,Manager,1,65484,6-10 LPA,1,Y,No,3,4,26,2,25
VK9290,44,36-45,Yes,Operations,1,1295,1,Female,3,3,Healthcare Representative,4,33154,3-6 LPA,1,Y,No,3,4,10,3,10
VK9540,44,36-45,Yes,Operations,1,1333,1,Male,3,1,Laboratory Technician,1,83870,10+ LPA,4,Y,No,3,3,10,4,3
VK10430,44,36-45,No,Operations,1,1471,3,Male,2,1,Laboratory Technician,3,3336,0-3 LPA,3,Y,No,3,4,7,3,5
VK10470,44,36-45,No,Operations,1,1475,4,Male,3,1,Research Scientist,2,68779,6-10 LPA,1,Y,No,3,3,6,2,5
VK10520,44,36-45,No,IT,1,1481,1,Female,3,2,Sales Executive,3,20029,0-3 LPA,7,Y,No,3,3,11,2,1
VK10630,44,36-45,No,Operations,1,1496,2,Male,3,3,Manufacturing Director,3,60201,6-10 LPA,5,Y,Yes,3,2,16,2,2
VK10790,44,36-45,No,Operations,1,1523,4,Male,3,4,Research Director,1,33265,3-6 LPA,3,Y,No,3,3,24,4,20
VK11410,44,36-45,No,Operations,1,1608,2,Female,3,5,Research Director,4,44872,3-6 LPA,0,Y,Yes,3,4,23,2,22
VK11660,44,36-45,No,Human Resources,1,1642,1,Male,3,2,Human Resources,4,47197,3-6 LPA,4,Y,Yes,3,3,14,3,10
VK12010,44,36-45,No,Human Resources,1,1683,3,Female,3,1,Human Resources,4,56180,6-10 LPA,4,Y,Yes,3,1,8,3,2
VK12150,44,36-45,No,Operations,1,1703,3,Female,4,3,Healthcare Representative,4,24710,0-3 LPA,1,Y,Yes,3,2,9,3,8
VK12800,44,36-45,Yes,Operations,1,1792,3,Male,3,1,Research Scientist,2,30486,3-6 LPA,1,Y,Yes,3,3,6,2,5
VK13530,44,36-45,No,Operations,1,1903,2,Male,4,2,Healthcare Representative,1,72907,6-10 LPA,2,Y,No,3,4,10,3,2
VK14360,44,36-45,No,Operations,1,2020,2,Male,3,1,Research Scientist,4,72895,6-10 LPA,6,Y,Yes,3,3,6,3,4
VK0680,45,36-45,No,Operations,1,86,2,Male,3,3,Research Scientist,1,65435,6-10 LPA,2,Y,No,3,3,25,3,1
VK0780,45,36-45,No,Operations,1,101,4,Male,3,3,Research Director,1,41631,3-6 LPA,4,Y,Yes,3,2,17,4,0
VK1420,45,36-45,No,Operations,1,192,3,Male,3,1,Research Scientist,4,21103,0-3 LPA,5,Y,No,3,2,9,2,6
VK1540,45,36-45,No,Operations,1,206,2,Male,3,2,Laboratory Technician,2,65772,6-10 LPA,8,Y,No,3,3,20,1,17
VK1750,45,36-45,No,IT,1,240,3,Female,3,2,Sales Executive,1,15382,0-3 LPA,4,Y,Yes,3,1,9,4,5
VK1950,45,36-45,No,Operations,1,264,1,Male,2,4,Manager,4,85291,10+ LPA,9,Y,No,4,4,22,3,20
VK2190,45,36-45,No,IT,1,302,4,Female,2,3,Sales Executive,4,4756,0-3 LPA,6,Y,No,3,4,23,3,19
VK2450,45,36-45,No,Operations,1,336,3,Male,4,5,Manager,4,21609,0-3 LPA,0,Y,No,3,3,25,3,24
VK2500,45,36-45,No,Operations,1,341,1,Male,4,2,Manufacturing Director,3,17478,0-3 LPA,4,Y,No,3,4,9,3,3
VK2690,45,36-45,No,Operations,1,372,3,Male,3,4,Healthcare Representative,4,40666,3-6 LPA,0,Y,Yes,3,2,21,3,20
VK3120,45,36-45,No,Operations,1,425,1,Male,3,3,Laboratory Technician,1,76683,6-10 LPA,1,Y,No,3,1,24,3,24
VK3350,45,36-45,No,Operations,1,452,4,Male,3,2,Research Scientist,4,72315,6-10 LPA,9,Y,No,3,1,12,3,10
VK4080,45,36-45,No,Operations,1,544,1,Male,3,1,Research Scientist,4,78834,6-10 LPA,3,Y,No,4,4,8,2,2
VK4530,45,36-45,No,IT,1,606,4,Male,3,2,Sales Executive,2,15153,0-3 LPA,0,Y,No,3,2,9,4,8
VK5050,45,36-45,Yes,IT,1,684,1,Female,3,2,Sales Executive,1,77325,6-10 LPA,2,Y,No,3,4,5,3,1
VK5650,45,36-45,No,IT,1,783,2,Male,1,2,Sales Representative,3,13999,0-3 LPA,0,Y,No,3,1,9,3,8
VK6040,45,36-45,No,Operations,1,834,2,Female,2,1,Research Scientist,3,56318,6-10 LPA,1,Y,No,3,4,1,3,1
VK6260,45,36-45,No,IT,1,864,4,Male,3,3,Sales Executive,1,1814,0-3 LPA,4,Y,Yes,3,3,18,3,5
VK6970,45,36-45,No,Operations,1,972,3,Male,3,2,Laboratory Technician,2,77077,6-10 LPA,1,Y,No,3,2,9,2,9
VK7140,45,36-45,No,Operations,1,996,4,Female,3,1,Laboratory Technician,4,91474,10+ LPA,3,Y,No,3,4,8,3,5
VK7190,45,36-45,No,Operations,1,1002,4,Male,3,2,Laboratory Technician,1,3443,0-3 LPA,1,Y,Yes,3,3,9,3,9
VK7560,45,36-45,No,IT,1,1045,4,Female,3,4,Manager,4,76993,6-10 LPA,3,Y,No,3,2,26,4,9
VK7600,45,36-45,No,Human Resources,1,1049,2,Male,3,1,Human Resources,2,76916,6-10 LPA,1,Y,No,3,1,6,3,6
VK8060,45,36-45,No,IT,1,1117,2,Female,2,2,Sales Executive,3,74319,6-10 LPA,1,Y,No,3,4,15,3,15
VK8550,45,36-45,No,Operations,1,1195,1,Female,3,1,Research Scientist,3,18368,0-3 LPA,4,Y,Yes,3,3,7,2,3
VK9140,45,36-45,Yes,IT,1,1277,1,Female,1,5,Manager,2,16328,0-3 LPA,2,Y,Yes,3,1,26,3,24
VK9370,45,36-45,No,Operations,1,1306,2,Female,3,5,Manager,2,57942,6-10 LPA,3,Y,No,4,3,22,3,0
VK10350,45,36-45,No,Operations,1,1460,2,Male,1,3,Healthcare Representative,1,92751,10+ LPA,2,Y,Yes,3,2,24,3,7
VK10380,45,36-45,No,Operations,1,1465,2,Male,3,3,Manufacturing Director,4,28306,3-6 LPA,4,Y,Yes,3,4,10,4,3
VK10930,45,36-45,No,Operations,1,1546,4,Male,3,1,Research Scientist,4,86451,10+ LPA,4,Y,No,4,4,8,3,5
VK11000,45,36-45,No,Operations,1,1553,1,Male,3,3,Healthcare Representative,2,40915,3-6 LPA,1,Y,No,3,1,10,3,10
VK11430,45,36-45,No,Operations,1,1611,3,Female,1,2,Laboratory Technician,1,38219,3-6 LPA,1,Y,Yes,3,1,10,3,10
VK11440,45,36-45,No,IT,1,1612,1,Male,2,2,Sales Executive,1,81879,6-10 LPA,1,Y,No,3,1,10,3,10
VK11610,45,36-45,No,Operations,1,1635,4,Female,2,2,Manufacturing Director,4,65644,6-10 LPA,1,Y,No,3,1,10,3,10
VK12220,45,36-45,No,Operations,1,1712,3,Male,2,3,Healthcare Representative,3,61279,6-10 LPA,3,Y,No,4,4,25,2,23
VK12260,45,36-45,No,Operations,1,1719,4,Female,2,4,Research Director,2,54028,6-10 LPA,1,Y,No,3,3,21,3,21
VK12440,45,36-45,No,Human Resources,1,1744,3,Female,1,3,Human Resources,3,1126,0-3 LPA,4,Y,No,4,3,9,4,5
VK13150,45,36-45,No,IT,1,1845,3,Female,3,2,Sales Executive,3,53329,6-10 LPA,4,Y,No,4,2,10,4,8
VK13470,45,36-45,No,Operations,1,1888,2,Female,2,2,Manufacturing Director,4,28632,3-6 LPA,0,Y,No,3,4,10,2,9
VK13630,45,36-45,No,Operations,1,1922,2,Male,3,2,Healthcare Representative,3,66310,6-10 LPA,4,Y,No,3,3,12,3,4
VK14550,45,36-45,No,IT,1,2046,4,Female,3,2,Sales Executive,3,56176,6-10 LPA,8,Y,No,3,3,8,3,5
VK0300,46,46-55,No,IT,1,38,2,Female,3,5,Manager,1,87066,10+ LPA,3,Y,No,3,4,22,2,2
VK0490,46,46-55,No,IT,1,62,1,Male,3,2,Sales Executive,4,45327,3-6 LPA,4,Y,Yes,4,3,14,3,9
VK0800,46,46-55,No,Human Resources,1,103,2,Male,3,2,Human Resources,2,69904,6-10 LPA,8,Y,Yes,4,4,16,3,4
VK0900,46,46-55,Yes,IT,1,118,3,Male,2,3,Sales Executive,4,4797,0-3 LPA,1,Y,No,3,4,9,3,9
VK0940,46,46-55,No,Operations,1,124,3,Male,2,3,Healthcare Representative,1,48882,3-6 LPA,2,Y,Yes,3,3,21,2,10
VK1790,46,46-55,No,IT,1,244,2,Female,3,3,Sales Executive,1,14718,0-3 LPA,1,Y,No,4,3,24,3,24
VK2100,46,46-55,No,Operations,1,288,4,Male,3,3,Healthcare Representative,1,35560,3-6 LPA,7,Y,No,3,3,17,3,4
VK2640,46,46-55,No,IT,1,363,3,Female,1,4,Manager,2,77589,6-10 LPA,3,Y,Yes,3,2,28,2,7
VK3660,46,46-55,No,Operations,1,487,3,Female,3,2,Manufacturing Director,3,23116,0-3 LPA,2,Y,No,3,3,7,4,1
VK4130,46,46-55,No,Operations,1,550,3,Female,3,2,Manufacturing Director,3,37244,3-6 LPA,2,Y,No,3,3,19,2,10
VK4300,46,46-55,No,Operations,1,575,1,Male,3,4,Research Director,3,2645,0-3 LPA,6,Y,No,3,3,26,1,3
VK4340,46,46-55,No,IT,1,580,3,Female,2,3,Sales Executive,4,48523,3-6 LPA,2,Y,Yes,3,3,15,3,3
VK4660,46,46-55,No,Operations,1,624,1,Female,3,3,Healthcare Representative,3,20256,0-3 LPA,5,Y,No,3,4,28,2,2
VK7240,46,46-55,No,Operations,1,1007,4,Male,3,3,Manufacturing Director,3,54173,6-10 LPA,6,Y,No,3,2,13,3,8
VK7710,46,46-55,No,Operations,1,1069,4,Male,3,5,Research Director,4,38430,3-6 LPA,9,Y,No,3,4,23,3,2
VK7790,46,46-55,No,Operations,1,1080,4,Female,2,2,Research Scientist,1,40282,3-6 LPA,8,Y,Yes,4,1,19,3,16
VK8110,46,46-55,No,IT,1,1124,1,Male,3,4,Manager,3,64374,6-10 LPA,3,Y,No,3,4,23,3,12
VK8620,46,46-55,No,IT,1,1204,3,Female,3,4,Manager,1,69244,6-10 LPA,8,Y,No,4,1,28,3,26
VK8700,46,46-55,No,Operations,1,1217,4,Male,3,5,Research Director,2,12694,0-3 LPA,5,Y,No,3,1,25,3,4
VK8780,46,46-55,No,Operations,1,1228,4,Male,3,2,Manufacturing Director,4,57264,6-10 LPA,2,Y,No,3,3,12,2,6
VK9170,46,46-55,No,IT,1,1280,4,Female,2,5,Manager,2,76060,6-10 LPA,2,Y,No,3,3,26,3,11
VK9440,46,46-55,No,Human Resources,1,1314,4,Female,3,1,Human Resources,1,98416,10+ LPA,6,Y,No,3,3,10,4,7
VK10320,46,46-55,Yes,IT,1,1457,1,Male,3,3,Sales Executive,4,58545,6-10 LPA,4,Y,No,3,1,28,4,7
VK10810,46,46-55,No,IT,1,1527,3,Female,3,4,Manager,2,40224,3-6 LPA,8,Y,No,3,4,23,4,13
VK11360,46,46-55,No,IT,1,1602,4,Male,4,4,Manager,1,98945,10+ LPA,1,Y,No,3,2,27,1,26
VK12320,46,46-55,No,Operations,1,1727,3,Male,3,2,Healthcare Representative,2,14224,0-3 LPA,6,Y,No,3,4,19,3,10
VK12360,46,46-55,No,IT,1,1732,3,Male,3,3,Sales Executive,4,41738,3-6 LPA,4,Y,Yes,3,2,13,2,10
VK12780,46,46-55,No,Operations,1,1789,3,Male,3,5,Research Director,4,26150,3-6 LPA,7,Y,Yes,3,3,24,3,2
VK12860,46,46-55,No,IT,1,1801,2,Male,2,2,Sales Executive,2,64731,6-10 LPA,8,Y,No,3,3,6,3,2
VK12990,46,46-55,Yes,Operations,1,1821,4,Female,3,2,Healthcare Representative,2,50688,6-10 LPA,4,Y,No,4,4,13,4,9
VK13230,46,46-55,No,Operations,1,1857,4,Male,3,3,Manufacturing Director,4,74509,6-10 LPA,3,Y,No,3,3,12,2,9
VK13280,46,46-55,No,IT,1,1863,1,Female,4,4,Sales Executive,1,9577,0-3 LPA,2,Y,No,3,4,25,3,19
VK13340,46,46-55,Yes,IT,1,1869,3,Female,3,3,Sales Executive,2,9070,0-3 LPA,5,Y,No,4,3,14,3,8
VK2720,47,46-55,Yes,Operations,1,376,1,Male,3,3,Manager,2,9666,0-3 LPA,1,Y,Yes,3,4,10,2,10
VK3300,47,46-55,No,Operations,1,447,4,Male,3,5,Research Director,3,58761,6-10 LPA,4,Y,No,3,2,21,3,3
VK3480,47,46-55,No,IT,1,467,2,Male,3,2,Sales Representative,3,37368,3-6 LPA,3,Y,No,3,1,5,3,0
VK4290,47,46-55,No,Operations,1,574,1,Female,3,2,Manufacturing Director,4,7783,0-3 LPA,5,Y,No,3,3,20,3,5
VK5330,47,46-55,No,IT,1,728,4,Male,3,2,Sales Executive,1,42914,3-6 LPA,2,Y,No,3,4,20,3,7
VK5450,47,46-55,No,IT,1,746,4,Female,3,4,Sales Executive,3,71507,6-10 LPA,9,Y,Yes,3,4,28,2,22
VK5670,47,46-55,Yes,IT,1,785,2,Female,4,2,Sales Executive,3,80026,6-10 LPA,4,Y,Yes,3,4,8,3,5
VK5930,47,46-55,No,Operations,1,820,3,Female,3,4,Manager,4,68526,6-10 LPA,1,Y,Yes,3,3,26,2,26
VK6520,47,46-55,No,IT,1,903,3,Female,3,2,Sales Executive,4,71835,6-10 LPA,0,Y,Yes,4,1,8,3,7
VK6660,47,46-55,No,IT,1,925,4,Female,2,1,Sales Representative,4,46765,3-6 LPA,1,Y,Yes,3,1,3,2,3
VK7080,47,46-55,No,Operations,1,987,3,Male,4,2,Manufacturing Director,3,20956,0-3 LPA,1,Y,Yes,3,3,20,4,19
VK7200,47,46-55,No,IT,1,1003,4,Female,3,2,Sales Executive,4,88895,10+ LPA,1,Y,Yes,3,3,9,3,9
VK10210,47,46-55,No,Operations,1,1438,1,Male,3,1,Research Scientist,4,47240,3-6 LPA,7,Y,No,3,3,17,2,6
VK10250,47,46-55,No,Operations,1,1443,1,Female,3,4,Research Director,3,38148,3-6 LPA,3,Y,No,3,2,26,4,20
VK10680,47,46-55,No,IT,1,1503,3,Female,3,2,Sales Executive,3,95270,10+ LPA,3,Y,Yes,3,3,11,2,5
VK11550,47,46-55,No,Human Resources,1,1625,4,Female,3,5,Manager,3,5757,0-3 LPA,3,Y,No,3,3,27,3,5
VK11950,47,46-55,No,IT,1,1676,2,Female,4,4,Manager,2,20097,0-3 LPA,6,Y,No,3,3,29,3,3
VK12240,47,46-55,Yes,IT,1,1716,3,Male,1,4,Sales Executive,3,11395,0-3 LPA,7,Y,No,3,3,25,1,23
VK12350,47,46-55,No,IT,1,1731,3,Male,3,2,Sales Executive,2,17241,0-3 LPA,7,Y,No,3,4,4,1,1
VK13040,47,46-55,No,Operations,1,1827,3,Female,2,3,Manufacturing Director,2,28696,3-6 LPA,8,Y,Yes,3,3,28,3,22
VK13220,47,46-55,No,Operations,1,1856,2,Female,3,1,Laboratory Technician,3,71480,6-10 LPA,4,Y,No,3,3,7,3,2
VK13710,47,46-55,No,Operations,1,1934,3,Male,3,2,Research Scientist,2,47163,3-6 LPA,8,Y,No,3,3,16,4,8
VK14150,47,46-55,No,Operations,1,1993,1,Male,3,3,Healthcare Representative,3,20816,0-3 LPA,2,Y,No,4,2,25,3,17
VK14220,47,46-55,No,Operations,1,2000,3,Female,3,3,Research Director,2,50840,6-10 LPA,0,Y,No,3,1,14,1,13
VK0510,48,46-55,Yes,Operations,1,64,1,Male,2,3,Laboratory Technician,3,53853,6-10 LPA,9,Y,Yes,3,4,23,3,1
VK3530,48,46-55,No,IT,1,473,1,Female,3,3,Manager,3,25917,3-6 LPA,3,Y,No,4,2,15,1,0
VK4450,48,46-55,No,IT,1,595,2,Female,3,2,Sales Executive,4,97731,10+ LPA,2,Y,No,3,1,14,3,9
VK4930,48,46-55,No,Operations,1,664,4,Female,2,4,Manager,1,22566,0-3 LPA,7,Y,No,3,1,21,1,3
VK5210,48,46-55,No,IT,1,712,2,Male,4,2,Sales Executive,2,76452,6-10 LPA,3,Y,No,3,4,12,3,2
VK6790,48,46-55,No,Operations,1,945,4,Male,3,1,Research Scientist,3,63823,6-10 LPA,4,Y,No,3,1,13,2,0
VK7360,48,46-55,No,Operations,1,1022,1,Male,2,2,Healthcare Representative,3,21806,0-3 LPA,2,Y,No,3,4,19,3,2
VK7370,48,46-55,No,Operations,1,1024,3,Male,2,3,Healthcare Representative,3,76520,6-10 LPA,7,Y,No,3,2,27,3,15
VK8050,48,46-55,No,Operations,1,1116,1,Male,4,4,Manager,4,2759,0-3 LPA,2,Y,No,4,3,27,2,5
VK9020,48,46-55,No,Operations,1,1258,4,Male,4,1,Laboratory Technician,2,42949,3-6 LPA,5,Y,No,3,3,7,2,1
VK9050,48,46-55,No,Operations,1,1263,4,Male,2,5,Research Director,4,93374,10+ LPA,6,Y,No,3,3,25,4,1
VK9700,48,46-55,No,Operations,1,1363,4,Male,3,3,Manufacturing Director,4,3482,0-3 LPA,1,Y,No,3,3,11,3,10
VK10390,48,46-55,No,IT,1,1466,3,Male,3,2,Sales Executive,1,25442,3-6 LPA,4,Y,No,3,1,15,3,2
VK11040,48,46-55,No,IT,1,1557,3,Female,3,2,Sales Executive,3,34719,3-6 LPA,8,Y,No,3,3,18,3,8
VK11150,48,46-55,No,Operations,1,1576,3,Female,3,1,Research Scientist,1,59066,6-10 LPA,8,Y,No,3,4,10,2,8
VK11670,48,46-55,No,Operations,1,1644,3,Male,2,4,Manager,4,94501,10+ LPA,2,Y,No,4,2,23,3,2
VK12050,48,46-55,Yes,IT,1,1691,4,Female,3,1,Sales Representative,3,3079,0-3 LPA,2,Y,Yes,3,3,19,3,9
VK13320,48,46-55,No,Operations,1,1867,4,Male,2,5,Research Director,2,3717,0-3 LPA,4,Y,No,3,4,29,3,22
VK13520,48,46-55,No,Operations,1,1900,4,Female,3,4,Manager,4,60676,6-10 LPA,3,Y,No,3,2,24,3,22
VK0020,49,46-55,No,Operations,1,2,3,Male,2,2,Research Scientist,2,28952,3-6 LPA,1,Y,No,4,4,10,3,10
VK1300,49,46-55,No,Operations,1,170,3,Female,3,2,Manufacturing Director,1,87444,10+ LPA,1,Y,No,3,3,16,2,15
VK2020,49,46-55,No,Operations,1,275,4,Male,3,2,Manufacturing Director,4,43460,3-6 LPA,1,Y,Yes,3,1,7,3,7
VK2910,49,46-55,No,Operations,1,396,3,Female,3,5,Research Director,1,91397,10+ LPA,9,Y,Yes,3,4,22,3,3
VK3170,49,46-55,No,Operations,1,431,3,Female,2,4,Healthcare Representative,3,73847,6-10 LPA,7,Y,Yes,3,4,25,3,7
VK3760,49,46-55,No,Operations,1,499,2,Male,2,3,Healthcare Representative,3,94607,10+ LPA,8,Y,No,4,3,26,3,5
VK4740,49,46-55,No,Operations,1,638,4,Male,2,5,Research Director,3,90106,10+ LPA,1,Y,Yes,3,3,31,3,31
VK6080,49,46-55,Yes,IT,1,840,3,Female,3,3,Sales Executive,4,19449,0-3 LPA,1,Y,No,3,1,9,4,9
VK6400,49,46-55,No,Operations,1,887,3,Female,3,1,Research Scientist,1,34536,3-6 LPA,2,Y,No,3,2,7,3,4
VK6780,49,46-55,No,Operations,1,944,1,Female,3,3,Laboratory Technician,2,65077,6-10 LPA,4,Y,No,3,3,29,2,26
VK8220,49,46-55,No,IT,1,1138,4,Male,2,4,Sales Executive,2,39258,3-6 LPA,6,Y,No,3,2,22,3,9
VK9000,49,46-55,No,Operations,1,1256,1,Male,2,5,Manager,3,49302,3-6 LPA,2,Y,No,3,3,23,4,1
VK10070,49,46-55,Yes,Operations,1,1420,1,Male,2,2,Laboratory Technician,1,29865,3-6 LPA,3,Y,No,4,1,20,3,4
VK10450,49,46-55,No,Operations,1,1473,1,Male,3,2,Healthcare Representative,3,7645,0-3 LPA,2,Y,No,3,2,20,2,3
VK10550,49,46-55,No,Operations,1,1484,3,Male,3,3,Healthcare Representative,2,39000,3-6 LPA,3,Y,No,3,2,29,3,8
VK10720,49,46-55,No,Operations,1,1509,3,Female,2,2,Laboratory Technician,1,27737,3-6 LPA,4,Y,No,4,1,10,3,3
VK11480,49,46-55,No,Operations,1,1617,3,Female,3,1,Laboratory Technician,1,12485,0-3 LPA,1,Y,No,3,4,10,2,9
VK11770,49,46-55,No,Operations,1,1655,1,Female,3,4,Research Director,2,39565,3-6 LPA,3,Y,No,3,2,27,3,4
VK11820,49,46-55,No,Operations,1,1661,3,Female,2,4,Healthcare Representative,3,26522,3-6 LPA,2,Y,Yes,3,2,30,3,15
VK11930,49,46-55,No,Operations,1,1674,4,Female,3,1,Laboratory Technician,1,66155,6-10 LPA,4,Y,Yes,3,2,17,2,2
VK11960,49,46-55,No,Operations,1,1677,3,Male,3,4,Manager,3,56168,6-10 LPA,4,Y,No,3,1,23,3,8
VK12550,49,46-55,No,IT,1,1757,4,Female,3,2,Sales Executive,4,53487,6-10 LPA,3,Y,No,3,3,8,4,5
VK13780,49,46-55,No,Operations,1,1941,2,Male,3,5,Research Director,4,13342,0-3 LPA,3,Y,No,3,4,28,3,5
VK14690,49,46-55,No,IT,1,2065,4,Male,2,2,Sales Executive,2,41806,3-6 LPA,2,Y,No,3,4,17,2,9
VK14690,49,46-55,No,IT,1,2065,4,Male,2,2,Sales Executive,2,49770,3-6 LPA,2,Y,No,3,4,17,2,9
VK0370,50,46-55,Yes,IT,1,47,1,Male,2,1,Sales Representative,3,79623,6-10 LPA,1,Y,Yes,3,3,3,3,3
VK0630,50,46-55,No,Operations,1,80,2,Female,2,5,Research Director,3,76629,6-10 LPA,5,Y,Yes,3,4,29,2,27
VK1070,50,46-55,No,Operations,1,141,1,Female,3,5,Research Director,2,53603,6-10 LPA,3,Y,Yes,3,1,28,2,8
VK1320,50,46-55,No,IT,1,174,3,Female,3,3,Sales Executive,4,82974,6-10 LPA,4,Y,No,3,4,16,3,2
VK1660,50,46-55,No,Operations,1,226,3,Female,3,5,Manager,2,27399,3-6 LPA,3,Y,No,3,2,21,3,5
VK1840,50,46-55,No,Operations,1,249,3,Male,2,1,Laboratory Technician,3,86382,10+ LPA,2,Y,No,3,4,5,2,3
VK2340,50,46-55,No,IT,1,323,4,Female,3,5,Manager,4,82244,6-10 LPA,3,Y,No,3,3,32,2,7
VK2800,50,46-55,No,Operations,1,385,1,Male,3,5,Research Director,2,77534,6-10 LPA,3,Y,No,3,1,28,2,10
VK3680,50,46-55,No,Operations,1,491,4,Male,2,3,Healthcare Representative,4,56106,6-10 LPA,6,Y,No,3,4,20,3,4
VK4260,50,46-55,No,Operations,1,569,2,Male,2,4,Manager,3,31678,3-6 LPA,0,Y,No,3,2,28,3,27
VK4780,50,46-55,No,Human Resources,1,644,1,Male,3,5,Manager,2,77218,6-10 LPA,1,Y,No,3,3,32,3,32
VK5240,50,46-55,No,Operations,1,716,4,Male,4,1,Laboratory Technician,3,64230,6-10 LPA,1,Y,Yes,3,3,20,3,20
VK5290,50,46-55,Yes,IT,1,723,2,Male,3,2,Sales Executive,3,75055,6-10 LPA,3,Y,Yes,3,1,18,3,4
VK5400,50,46-55,No,IT,1,738,4,Male,3,1,Sales Representative,2,57373,6-10 LPA,7,Y,No,3,4,4,3,2
VK5890,50,46-55,No,Operations,1,815,3,Male,3,4,Research Director,3,32480,3-6 LPA,5,Y,No,3,4,30,3,4
VK6540,50,46-55,No,Operations,1,905,1,Male,3,4,Manager,1,86230,10+ LPA,1,Y,No,3,4,31,3,31
VK7150,50,46-55,No,Operations,1,997,4,Male,3,4,Research Director,4,69836,6-10 LPA,9,Y,No,4,3,32,2,5
VK7220,50,46-55,No,Operations,1,1005,4,Male,3,4,Manufacturing Director,3,73258,6-10 LPA,3,Y,Yes,3,4,22,3,12
VK7430,50,46-55,No,Operations,1,1030,1,Male,3,1,Laboratory Technician,4,40986,3-6 LPA,4,Y,No,3,2,8,3,1
VK7520,50,46-55,No,IT,1,1040,4,Female,3,2,Sales Executive,3,25160,3-6 LPA,0,Y,No,3,1,19,3,18
VK7670,50,46-55,No,Operations,1,1061,2,Male,3,5,Research Director,3,86595,10+ LPA,2,Y,Yes,3,4,29,2,8
VK8020,50,46-55,Yes,IT,1,1113,4,Male,3,2,Sales Executive,3,80111,6-10 LPA,3,Y,Yes,3,4,5,3,0
VK8680,50,46-55,No,Operations,1,1215,4,Female,3,4,Manager,1,65929,6-10 LPA,2,Y,No,4,3,32,3,2
VK9460,50,46-55,No,Operations,1,1317,4,Female,3,4,Research Director,1,74506,6-10 LPA,4,Y,Yes,3,2,25,3,3
VK10870,50,46-55,No,Operations,1,1539,3,Male,1,4,Research Director,4,35911,3-6 LPA,1,Y,Yes,3,4,32,3,32
VK11270,50,46-55,No,IT,1,1591,3,Male,3,5,Manager,3,88127,10+ LPA,4,Y,Yes,3,3,27,3,1
VK11390,50,46-55,No,Operations,1,1606,2,Male,3,4,Healthcare Representative,3,32821,3-6 LPA,2,Y,Yes,3,3,32,3,30
VK11780,50,46-55,No,Operations,1,1656,4,Female,2,3,Research Director,1,76039,6-10 LPA,5,Y,No,3,3,19,3,14
VK14530,50,46-55,Yes,IT,1,2044,2,Male,3,2,Sales Executive,3,61535,6-10 LPA,7,Y,No,3,4,12,3,6
VK14620,50,46-55,Yes,IT,1,2055,4,Male,2,3,Sales Executive,1,85458,10+ LPA,4,Y,Yes,3,2,20,3,3
VK14620,50,46-55,Yes,IT,1,2055,4,Male,2,3,Sales Executive,1,13175,0-3 LPA,4,Y,Yes,3,2,20,3,3
VK0880,51,46-55,No,Operations,1,116,4,Male,3,1,Laboratory Technician,4,55771,6-10 LPA,3,Y,No,4,2,10,3,4
VK0920,51,46-55,No,IT,1,120,3,Male,3,2,Sales Executive,4,87925,10+ LPA,0,Y,Yes,4,4,11,1,10
VK1110,51,46-55,No,Operations,1,145,1,Female,2,3,Healthcare Representative,1,67358,6-10 LPA,3,Y,No,4,3,23,2,13
VK1240,51,46-55,No,Operations,1,162,1,Male,3,5,Research Director,3,18327,0-3 LPA,7,Y,No,3,3,23,3,20
VK1370,51,46-55,Yes,Operations,1,179,1,Male,1,3,Manufacturing Director,4,48057,3-6 LPA,2,Y,No,3,4,18,3,4
VK1570,51,46-55,No,Operations,1,211,2,Male,2,2,Manufacturing Director,3,7150,0-3 LPA,2,Y,No,3,3,10,3,1
VK1900,51,46-55,No,Operations,1,258,4,Female,3,4,Healthcare Representative,2,5425,0-3 LPA,3,Y,No,3,3,21,3,7
VK2140,51,46-55,No,Operations,1,296,2,Male,2,3,Research Director,2,17032,0-3 LPA,5,Y,No,3,4,16,1,10
VK2590,51,46-55,No,Operations,1,353,3,Male,3,1,Research Scientist,4,3198,0-3 LPA,1,Y,No,3,2,1,2,1
VK3000,51,46-55,No,Operations,1,408,4,Male,1,2,Manufacturing Director,2,61500,6-10 LPA,5,Y,No,3,4,13,3,4
VK3770,51,46-55,No,IT,1,500,3,Female,3,2,Sales Executive,4,54394,6-10 LPA,4,Y,No,3,3,18,2,7
VK6170,51,46-55,No,IT,1,851,1,Female,3,4,Manager,3,21079,0-3 LPA,2,Y,No,3,3,29,2,20
VK7800,51,46-55,Yes,Operations,1,1081,1,Male,3,1,Research Scientist,3,37220,3-6 LPA,9,Y,Yes,3,3,18,4,10
VK9190,51,46-55,No,IT,1,1282,4,Male,3,5,Manager,2,42874,3-6 LPA,4,Y,Yes,4,1,31,2,29
VK9310,51,46-55,No,Operations,1,1297,2,Female,2,1,Laboratory Technician,3,14859,0-3 LPA,0,Y,No,3,2,8,2,7
VK9630,51,46-55,No,Human Resources,1,1352,3,Male,3,4,Manager,2,51460,6-10 LPA,1,Y,Yes,3,2,33,3,33
VK9720,51,46-55,No,Operations,1,1367,4,Female,2,4,Manufacturing Director,2,32419,3-6 LPA,3,Y,No,3,2,29,2,5
VK9880,51,46-55,No,IT,1,1391,2,Male,3,3,Sales Executive,2,9705,0-3 LPA,2,Y,No,3,2,14,3,4
VK12760,51,46-55,No,Operations,1,1786,1,Female,3,3,Manager,3,43880,3-6 LPA,2,Y,No,3,4,15,3,2
VK1910,52,46-55,No,Operations,1,259,3,Male,2,5,Manager,3,24236,0-3 LPA,0,Y,No,3,1,34,3,33
VK2310,52,46-55,No,Operations,1,316,3,Female,2,1,Laboratory Technician,4,88955,10+ LPA,7,Y,No,3,2,6,2,2
VK2380,52,46-55,No,IT,1,329,1,Male,2,5,Manager,3,86514,10+ LPA,1,Y,Yes,3,4,33,4,33
VK3180,52,46-55,Yes,Operations,1,433,3,Male,2,2,Research Scientist,2,16358,0-3 LPA,2,Y,No,3,1,11,2,8
VK4070,52,46-55,No,Operations,1,543,4,Male,2,3,Manufacturing Director,3,95914,10+ LPA,2,Y,Yes,3,3,28,3,5
VK4090,52,46-55,No,Operations,1,546,4,Female,3,4,Manager,4,77918,6-10 LPA,2,Y,No,3,4,31,1,5
VK4690,52,46-55,No,Operations,1,630,4,Male,3,2,Research Scientist,1,15596,0-3 LPA,3,Y,Yes,3,2,18,3,10
VK5620,52,46-55,No,IT,1,776,3,Male,2,4,Manager,1,34572,3-6 LPA,1,Y,No,3,1,34,4,34
VK5710,52,46-55,No,Operations,1,791,4,Male,3,1,Research Scientist,4,79757,6-10 LPA,0,Y,No,3,1,5,3,4
VK5880,52,46-55,No,Operations,1,813,4,Female,3,2,Laboratory Technician,3,2279,0-3 LPA,8,Y,No,4,2,9,3,5
VK6280,52,46-55,No,Operations,1,867,3,Female,2,4,Manufacturing Director,4,64197,6-10 LPA,3,Y,No,4,3,31,3,9
VK7000,52,46-55,No,Operations,1,976,4,Male,3,4,Manager,4,63516,6-10 LPA,2,Y,No,3,2,26,2,9
VK7500,52,46-55,Yes,IT,1,1038,1,Female,1,5,Manager,4,8083,0-3 LPA,1,Y,No,3,4,33,3,32
VK8070,52,46-55,No,Operations,1,1118,2,Male,3,3,Healthcare Representative,2,18771,0-3 LPA,7,Y,No,3,4,18,3,8
VK9480,52,46-55,Yes,IT,1,1319,2,Male,3,3,Sales Executive,2,30975,3-6 LPA,9,Y,Yes,3,3,10,2,8
VK9950,52,46-55,No,Operations,1,1401,4,Female,4,4,Manufacturing Director,3,46648,3-6 LPA,2,Y,Yes,3,2,24,2,5
VK10010,52,46-55,No,Operations,1,1409,3,Female,3,1,Laboratory Technician,1,49285,3-6 LPA,9,Y,No,3,3,12,1,5
VK14350,52,46-55,No,IT,1,2019,1,Male,3,1,Sales Representative,4,20063,0-3 LPA,2,Y,No,3,2,16,2,9
VK0190,53,46-55,No,IT,1,23,1,Female,2,4,Manager,4,68642,6-10 LPA,2,Y,No,3,3,31,3,25
VK0260,53,46-55,No,Operations,1,32,3,Female,3,5,Manager,3,91093,10+ LPA,4,Y,No,3,4,26,2,14
VK1530,53,46-55,No,IT,1,205,2,Male,3,2,Sales Representative,3,87143,10+ LPA,2,Y,Yes,4,4,13,1,7
VK1850,53,46-55,No,Operations,1,250,4,Female,4,2,Manufacturing Director,1,38599,3-6 LPA,1,Y,No,3,3,5,3,4
VK2810,53,46-55,No,Operations,1,386,3,Male,3,4,Research Director,3,52920,6-10 LPA,3,Y,Yes,3,4,21,2,5
VK5030,53,46-55,No,IT,1,682,4,Female,3,2,Sales Executive,1,29529,3-6 LPA,7,Y,No,4,4,18,4,14
VK5350,53,46-55,No,Operations,1,730,3,Male,4,4,Research Director,3,36954,3-6 LPA,3,Y,No,3,3,32,3,5
VK5570,53,46-55,No,Operations,1,769,4,Male,3,2,Laboratory Technician,4,28856,3-6 LPA,2,Y,No,3,4,19,3,2
VK6250,53,46-55,No,IT,1,862,1,Female,2,3,Sales Executive,4,3573,0-3 LPA,7,Y,Yes,3,4,35,3,5
VK6470,53,46-55,No,IT,1,897,1,Male,3,4,Sales Executive,4,79344,6-10 LPA,5,Y,No,3,3,28,3,2
VK6500,53,46-55,No,Operations,1,901,4,Female,3,4,Research Director,4,36367,3-6 LPA,6,Y,No,3,3,33,3,12
VK7020,53,46-55,No,IT,1,981,3,Male,3,4,Manager,3,61774,6-10 LPA,6,Y,No,3,3,22,4,17
VK7610,53,46-55,No,IT,1,1050,3,Female,2,3,Sales Executive,2,24752,0-3 LPA,2,Y,No,3,1,30,3,15
VK8590,53,46-55,No,Operations,1,1201,4,Female,3,5,Manager,3,56029,6-10 LPA,3,Y,No,3,2,26,3,7
VK10440,53,46-55,No,Operations,1,1472,4,Male,4,4,Research Director,2,18685,0-3 LPA,4,Y,No,3,2,35,2,9
VK11120,53,46-55,Yes,Operations,1,1572,3,Female,2,3,Manufacturing Director,4,52693,6-10 LPA,0,Y,No,3,2,34,3,33
VK12040,53,46-55,No,Operations,1,1689,2,Male,4,3,Healthcare Representative,4,56961,6-10 LPA,3,Y,No,3,3,11,3,4
VK12690,53,46-55,No,Operations,1,1775,1,Female,2,4,Manufacturing Director,3,77908,6-10 LPA,4,Y,Yes,4,4,27,2,3
VK13970,53,46-55,Yes,IT,1,1968,1,Male,3,3,Sales Executive,1,75532,6-10 LPA,6,Y,Yes,3,2,15,2,2
VK0960,54,46-55,No,Operations,1,126,1,Female,3,3,Research Director,3,82994,6-10 LPA,9,Y,No,3,1,16,1,4
VK1130,54,46-55,No,Human Resources,1,148,4,Female,4,4,Manager,4,57133,6-10 LPA,2,Y,Yes,3,3,23,3,5
VK2200,54,46-55,No,IT,1,303,4,Female,3,2,Sales Executive,1,98425,10+ LPA,2,Y,No,3,4,16,3,6
VK3330,54,46-55,No,Operations,1,450,4,Female,3,2,Research Scientist,3,62268,6-10 LPA,3,Y,No,3,4,20,2,4
VK3930,54,46-55,No,Operations,1,522,1,Male,3,5,Research Director,1,93201,10+ LPA,4,Y,No,3,3,24,2,4
VK4320,54,46-55,No,Operations,1,578,3,Female,3,2,Laboratory Technician,3,39243,3-6 LPA,7,Y,No,3,3,19,3,1
VK5110,54,46-55,No,Human Resources,1,698,3,Male,3,3,Human Resources,2,58384,6-10 LPA,2,Y,No,3,3,16,4,9
VK5760,54,46-55,No,Operations,1,799,4,Female,3,2,Manufacturing Director,1,32653,3-6 LPA,9,Y,Yes,3,2,9,3,5
VK7290,54,46-55,No,Operations,1,1013,3,Female,3,3,Manufacturing Director,3,27657,3-6 LPA,8,Y,No,3,3,22,3,10
VK7720,54,46-55,No,IT,1,1070,3,Female,2,3,Sales Executive,3,40952,3-6 LPA,6,Y,No,3,2,13,3,9
VK8910,54,46-55,No,Operations,1,1245,4,Female,3,3,Manufacturing Director,3,23180,0-3 LPA,7,Y,No,3,1,33,1,5
VK8950,54,46-55,No,Operations,1,1250,4,Male,3,4,Research Director,4,98432,10+ LPA,3,Y,No,3,1,36,3,10
VK10090,54,46-55,No,Operations,1,1422,4,Female,3,4,Research Director,4,79411,6-10 LPA,6,Y,No,3,4,29,2,20
VK10770,54,46-55,No,Operations,1,1520,2,Female,3,4,Manager,4,2622,0-3 LPA,3,Y,No,4,1,26,3,14
VK11850,54,46-55,No,Operations,1,1665,2,Female,3,4,Manager,3,49756,3-6 LPA,3,Y,No,4,3,36,3,10
VK13060,54,46-55,No,Operations,1,1830,4,Female,3,2,Research Scientist,4,41809,3-6 LPA,4,Y,No,3,2,14,2,7
VK13980,54,46-55,No,Operations,1,1969,1,Female,3,2,Research Scientist,3,17725,0-3 LPA,3,Y,No,3,3,9,2,4
VK14070,54,46-55,No,Operations,1,1980,3,Female,3,2,Manufacturing Director,1,62396,6-10 LPA,6,Y,Yes,3,4,9,3,5
VK0660,55,46-55,No,Operations,1,84,4,Female,3,4,Manager,3,52226,6-10 LPA,2,Y,Yes,3,3,21,3,5
VK0830,55,46-55,No,IT,1,106,1,Male,3,3,Sales Executive,4,82182,6-10 LPA,3,Y,No,3,4,24,3,1
VK1880,55,46-55,No,Operations,1,254,3,Male,4,5,Research Director,2,83565,10+ LPA,8,Y,No,3,4,36,3,24
VK2710,55,46-55,No,Operations,1,374,4,Male,3,5,Manager,1,30402,3-6 LPA,0,Y,Yes,3,3,37,3,36
VK2840,55,46-55,No,Operations,1,389,2,Male,3,2,Laboratory Technician,4,5263,0-3 LPA,3,Y,Yes,3,4,12,3,10
VK3800,55,46-55,No,Operations,1,505,3,Female,3,4,Manager,4,97523,10+ LPA,2,Y,Yes,3,3,30,3,5
VK4460,55,46-55,No,IT,1,597,1,Female,3,4,Manager,2,47828,3-6 LPA,3,Y,No,4,4,37,3,10
VK5690,55,46-55,Yes,Operations,1,787,4,Male,3,5,Manager,1,48924,3-6 LPA,5,Y,Yes,3,4,24,3,5
VK6090,55,46-55,Yes,IT,1,842,3,Male,3,2,Sales Executive,4,75182,6-10 LPA,4,Y,No,3,3,12,2,9
VK7460,55,46-55,No,Operations,1,1034,3,Male,3,2,Healthcare Representative,2,94065,10+ LPA,3,Y,Yes,3,4,17,3,8
VK7750,55,46-55,No,Operations,1,1074,3,Male,2,4,Manager,1,60052,6-10 LPA,7,Y,No,3,2,31,4,9
VK7880,55,46-55,No,Operations,1,1096,4,Male,3,3,Manufacturing Director,2,12664,0-3 LPA,3,Y,No,3,2,23,3,3
VK9150,55,46-55,No,Operations,1,1278,4,Male,2,4,Healthcare Representative,2,36737,3-6 LPA,1,Y,Yes,3,4,34,3,33
VK9560,55,46-55,No,Operations,1,1336,4,Female,1,5,Manager,3,90563,10+ LPA,4,Y,No,3,4,23,3,19
VK9760,55,46-55,Yes,IT,1,1372,1,Male,4,4,Sales Executive,3,30373,3-6 LPA,6,Y,Yes,3,3,24,2,19
VK10110,55,46-55,No,Operations,1,1424,2,Male,4,4,Research Director,4,37397,3-6 LPA,2,Y,No,3,4,31,4,7
VK10660,55,46-55,No,Operations,1,1501,4,Male,3,2,Healthcare Representative,3,87145,10+ LPA,0,Y,Yes,3,2,4,3,3
VK11170,55,46-55,No,IT,1,1578,3,Male,2,5,Manager,4,39709,3-6 LPA,1,Y,No,4,3,36,3,36
VK12080,55,46-55,No,Operations,1,1694,1,Male,2,1,Research Scientist,2,62120,6-10 LPA,5,Y,No,3,4,8,3,4
VK12650,55,46-55,No,Operations,1,1770,3,Male,2,5,Research Director,1,20250,0-3 LPA,8,Y,No,3,2,34,3,1
VK13370,55,46-55,No,Operations,1,1873,2,Male,2,1,Research Scientist,4,22172,0-3 LPA,8,Y,No,4,2,19,4,5
VK14020,55,46-55,No,Human Resources,1,1973,3,Male,4,5,Manager,2,12555,0-3 LPA,4,Y,Yes,3,1,35,3,10
VK0860,56,55+,No,Operations,1,112,4,Male,1,3,Manufacturing Director,4,88410,10+ LPA,4,Y,No,3,1,37,2,6
VK1230,56,55+,Yes,Operations,1,161,2,Female,3,1,Research Scientist,2,79617,6-10 LPA,9,Y,Yes,3,1,7,3,5
VK1760,56,55+,No,Operations,1,241,3,Female,3,1,Research Scientist,1,54276,6-10 LPA,4,Y,Yes,3,3,19,3,2
VK4020,56,55+,No,IT,1,532,3,Female,4,4,Sales Executive,1,58492,6-10 LPA,9,Y,No,3,4,36,2,7
VK5530,56,55+,No,Operations,1,762,3,Male,3,4,Healthcare Representative,4,54002,6-10 LPA,7,Y,No,3,3,30,2,10
VK7730,56,55+,No,Operations,1,1071,1,Female,3,1,Research Scientist,3,90599,10+ LPA,2,Y,No,3,2,18,3,5
VK8520,56,55+,No,Operations,1,1191,4,Female,3,5,Manager,1,73355,6-10 LPA,4,Y,No,3,4,28,3,5
VK9570,56,55+,No,Human Resources,1,1338,4,Male,3,5,Manager,2,92248,10+ LPA,6,Y,No,3,1,36,3,7
VK9770,56,55+,No,Operations,1,1373,4,Male,3,4,Manufacturing Director,2,25762,3-6 LPA,4,Y,Yes,3,1,33,3,19
VK10240,56,55+,No,Operations,1,1441,1,Female,3,1,Research Scientist,1,12046,0-3 LPA,2,Y,No,4,4,5,4,3
VK13550,56,55+,Yes,Operations,1,1907,1,Male,3,1,Laboratory Technician,4,97999,10+ LPA,1,Y,No,3,4,5,3,4
VK13720,56,55+,No,IT,1,1935,4,Female,2,2,Sales Executive,1,29769,3-6 LPA,4,Y,No,3,3,6,3,0
VK14420,56,55+,No,Operations,1,2026,3,Male,3,2,Healthcare Representative,3,54302,6-10 LPA,1,Y,No,4,1,13,2,13
VK14450,56,55+,Yes,Operations,1,2032,4,Male,3,1,Laboratory Technician,3,24150,0-3 LPA,8,Y,No,3,4,14,1,10
VK1640,57,55+,No,Operations,1,223,3,Male,4,3,Healthcare Representative,4,69247,6-10 LPA,3,Y,Yes,3,2,12,1,5
VK3610,57,55+,No,Operations,1,482,4,Male,3,2,Healthcare Representative,3,5853,0-3 LPA,2,Y,No,3,3,15,3,3
VK4250,57,55+,No,IT,1,568,1,Male,2,4,Manager,4,95613,10+ LPA,3,Y,No,3,3,32,2,1
VK10540,57,55+,No,Operations,1,1483,2,Male,4,2,Research Scientist,3,90399,10+ LPA,0,Y,No,4,1,13,2,12
VK0990,58,55+,No,Sales,1,131,4,Male,3,4,Sales Executive,3,22792,0-3 LPA,0,Y,No,3,3,38,2,37
VK1270,58,55+,Yes,Operations,1,165,4,Female,3,3,Healthcare Representative,4,60129,6-10 LPA,1,Y,No,3,4,40,2,40
VK1580,58,55+,No,Operations,1,214,2,Female,2,1,Research Scientist,2,75478,6-10 LPA,4,Y,Yes,4,2,9,2,1
VK3090,58,55+,No,Operations,1,422,4,Male,1,2,Healthcare Representative,3,68298,6-10 LPA,2,Y,Yes,3,4,12,3,5
VK5960,58,55+,Yes,Operations,1,825,4,Male,3,5,Research Director,2,32987,3-6 LPA,7,Y,Yes,3,4,40,3,31
VK6610,58,55+,Yes,Operations,1,918,4,Male,2,1,Laboratory Technician,4,16850,0-3 LPA,9,Y,Yes,3,4,3,2,1
VK6750,58,55+,No,Operations,1,940,3,Female,2,3,Healthcare Representative,2,13112,0-3 LPA,2,Y,Yes,3,4,24,3,6
VK7010,58,55+,Yes,Operations,1,977,4,Male,3,1,Research Scientist,3,25058,3-6 LPA,4,Y,No,4,1,7,3,1
VK9390,58,55+,No,Operations,1,1308,1,Male,3,1,Research Scientist,3,46420,3-6 LPA,1,Y,No,3,4,2,3,2
VK9670,58,55+,Yes,Operations,1,1360,3,Female,2,3,Manufacturing Director,1,39890,3-6 LPA,7,Y,Yes,3,4,31,2,10
VK10100,58,55+,No,Operations,1,1423,4,Female,3,5,Research Director,1,67017,6-10 LPA,3,Y,Yes,4,3,32,3,9
VK13020,58,55+,No,Sales,1,1824,2,Male,3,4,Manager,2,48304,3-6 LPA,4,Y,No,4,4,37,2,16
VK13110,58,55+,No,Operations,1,1837,1,Male,3,4,Research Director,3,33921,3-6 LPA,2,Y,Yes,3,2,23,3,2
VK13750,58,55+,No,Sales,1,1938,4,Female,3,4,Manager,4,2524,0-3 LPA,4,Y,Yes,3,3,29,2,1
VK0070,59,55+,No,Operations,1,10,3,Female,4,1,Laboratory Technician,1,16048,0-3 LPA,4,Y,Yes,4,1,12,2,1
VK0640,59,55+,No,Sales,1,81,1,Female,3,3,Sales Executive,1,36111,3-6 LPA,7,Y,No,3,4,28,2,21
VK0710,59,55+,No,Sales,1,91,1,Female,2,2,Sales Executive,3,38904,3-6 LPA,7,Y,No,3,4,20,2,4
VK1060,59,55+,No,Human Resources,1,140,3,Female,2,5,Manager,4,55912,6-10 LPA,9,Y,No,4,4,30,3,3
VK2260,59,55+,No,Operations,1,309,3,Male,2,1,Research Scientist,4,35008,3-6 LPA,3,Y,No,3,1,7,3,1
VK2330,59,55+,No,Human Resources,1,321,2,Male,3,1,Human Resources,3,1060,0-3 LPA,8,Y,No,3,4,7,2,2
VK7440,59,55+,No,Operations,1,1032,3,Female,2,4,Manufacturing Director,4,75666,6-10 LPA,3,Y,Yes,3,1,30,3,5
VK7590,59,55+,No,Sales,1,1048,2,Male,3,3,Manager,4,84559,10+ LPA,3,Y,Yes,3,3,14,1,6
VK8980,59,55+,No,Sales,1,1254,3,Female,2,2,Sales Executive,4,56337,6-10 LPA,5,Y,No,3,4,13,3,6
VK9200,59,55+,No,Operations,1,1283,4,Male,3,3,Manufacturing Director,4,14350,0-3 LPA,6,Y,No,3,4,25,2,9
VK4120,60,55+,No,Operations,1,549,1,Female,3,5,Manager,1,25354,3-6 LPA,5,Y,No,3,4,33,1,29
VK4280,60,55+,No,Sales,1,573,3,Female,2,3,Sales Executive,1,46186,3-6 LPA,4,Y,No,3,4,22,4,18
VK5370,60,55+,No,Sales,1,732,1,Male,3,2,Sales Executive,1,29145,3-6 LPA,8,Y,No,3,4,10,3,2
VK8800,60,55+,No,Sales,1,1233,2,Male,4,2,Sales Executive,4,35020,3-6 LPA,0,Y,Yes,3,2,12,3,11
VK12100,60,55+,No,Operations,1,1697,3,Male,1,3,Healthcare Representative,4,87123,10+ LPA,3,Y,No,4,3,19,4,1
